frame,timestamp_ms,divergence,lr_balance,tau,vx_mean,vy_mean,flow_cnt,div_cnt,valid,ema_div,ema_lr,tau_ms,looming,evasion_level,turn_cmd,az_quiet,ax,ay,az,gx,gy,gz,roll,pitch,yaw
1,8,0,0,0,0,0,0,0,0,0,0,0,0,0,0,0,-0.0854,-0.3711,-0.9712,-0.61,4.639,-3.357,-160.23,6.63,81.453
2,19,0,0,0,0,0,0,0,0,0,0,0,0,0,0,1,-0.0854,-0.3711,-0.9712,-0.61,4.639,-3.357,-160.23,6.63,81.453
3,33,-0.02315,0.02381,1000000,2.16,0.68,25,18,1,-0.00515,0.02381,8,0,0,-0.0714,1,-0.1006,-0.3838,-0.9551,0.793,-10.071,3.845,-160.181,6.883,81.475
4,70,0.0471,-0.07885,21.23076,2.7,1.7,30,23,1,0.01593,-0.00699,24.183,0,0,0.021,1,-0.1006,-0.3838,-0.9551,0.793,-10.071,3.845,-160.181,6.883,81.475
5,102,0,0,1000000,-0.0645,-0.4839,31,25,1,0.01655,-0.00489,532.132,0,0,0.0147,1,-0.1006,-0.3838,-0.9551,0.793,-10.071,3.845,-160.181,6.883,81.475
6,128,-0.00321,-0.04495,1000000,-0.125,-1.4062,32,26,1,0.01602,-0.01691,0,0,0,0.0507,1,2.0029,-0.375,-0.9258,2.686,-17.639,12.39,-160.027,8.229,81.074
7,151,0.01984,0.0697,50.4,-0.9259,-2.1481,27,21,1,0.02257,0.00907,72.404,0,0,-0.0272,1,-0.1348,-0.3687,-0.9097,5.249,-12.573,14.771,-159.835,8.745,80.793
8,172,-0.01562,0.01042,1000000,-1,-2.4286,21,16,1,0.01651,0.00948,0,0,0,-0.0284,1,-0.1777,-0.3408,-0.9131,5.31,-5.432,14.709,-159.631,9.168,80.42
9,209,0,-0.03598,1000000,-1.3077,-2.0385,26,19,1,0.01696,-0.00416,948.526,0,0,0.0125,1,-0.1851,-0.3486,-0.9033,12.146,-2.075,6.47,-159.384,9.344,80.184
10,240,0.00758,-0.04688,132.00002,-1.7333,-1.6,30,22,1,0.01954,-0.01698,241.867,0,0,0.0509,1,-0.1816,-0.3735,-0.8906,9.155,-1.831,3.479,-159.088,9.443,80.107
11,268,-0.00877,-0.0119,1000000,-1.9259,-0.8148,27,19,1,0.01645,-0.01545,0,0,0,0.0464,1,-0.1753,-0.3643,-0.8921,2.502,2.991,-1.587,-158.906,9.487,80.118
12,295,0.00379,0.00595,264.00003,-0.8276,-0.8276,29,22,1,0.01805,-0.00903,247.901,0,0,0.0271,1,-0.1968,-0.3638,-0.9111,0.061,6.348,-5.188,-158.818,8.981,80.288
13,322,0,0,1000000,-0.8529,-0.4118,34,26,1,0.01804,-0.00632,0,0,0,0.019,1,-0.1968,-0.3638,-0.9111,0.061,6.348,-5.188,-158.818,8.981,80.288
14,339,0.01,0.00433,100,0.125,0.1875,32,25,1,0.02102,-0.00313,147.691,0,0,0.0094,1,-0.1792,-0.3545,-0.9033,-0.61,3.845,-3.235,-158.769,8.795,80.414
15,368,-0.00362,-0.00595,1000000,0.129,0.6774,31,23,1,0.01903,-0.00397,0,0,0,0.0119,1,-0.1792,-0.3545,-0.9033,-0.61,3.845,-3.235,-158.769,8.795,80.414
16,409,0.00333,-0.00926,300,0.4688,1,32,25,1,0.01972,-0.00556,570.867,0,0,0.0167,1,-0.1411,-0.3486,-0.9199,-1.831,1.282,-3.052,-158.791,8.685,80.524
17,434,-0.00333,-0.00556,1000000,0.1562,0.8125,32,25,1,0.0182,-0.00556,0,0,0,0.0167,1,-0.1411,-0.3486,-0.9199,-1.831,1.282,-3.052,-158.818,8.674,80.59
18,457,-0.01603,-0.0125,1000000,-0.3529,0.7353,34,26,1,0.01334,-0.00764,0,0,0,0.0229,1,-0.1729,-0.3203,-0.9219,-3.357,-2.625,-2.319,-158.912,8.723,80.684
19,481,0.02874,0.10825,34.8,0.3784,0.3243,37,29,1,0.02336,0.02713,55.942,0,0,-0.0814,1,-0.1562,-0.3398,-0.9214,-1.099,-6.409,-4.517,-158.95,8.817,80.854
20,522,-0.00298,-0.00521,1000000,0.2703,0,37,28,1,0.02086,0.01743,0,0,0,-0.0523,1,-0.1562,-0.3398,-0.9214,-1.099,-6.409,-4.517,-158.95,8.817,80.854
21,551,-0.01111,-0.0083,1000000,0.2051,0.1026,39,30,1,0.01667,0.00971,0,0,0,-0.0291,1,-0.1304,-0.353,-0.9263,-2.136,-6.714,-4.822,-159.011,9.047,81.194
22,590,-0.04598,-0.05474,1000000,0.2895,-0.2368,38,29,1,0.00327,-0.00962,0,0,0,0.0289,1,-0.1323,-0.3374,-0.9331,-2.502,-8.85,-3.967,-159.12,9.289,81.557
23,600,-0.03205,-0.04663,1000000,0.8788,-0.5758,33,26,1,-0.00192,-0.02073,22.585,0,0,0.0622,1,-0.1533,-0.3682,-0.9272,2.93,-13,-2.747,-159.109,9.613,81.876
24,619,-0.01449,-0.02564,1000000,0.6774,-0.6774,31,23,1,-0.00029,-0.0222,0,0,0,0.0666,1,-0.1533,-0.3682,-0.9272,2.93,-13,-2.747,-159.109,9.613,81.876
25,659,0.02333,0.04487,42.85714,1.2258,-1,31,25,1,0.01219,-0.00208,19.528,0,0,0.0062,1,-0.1685,-0.4121,-0.9272,2.747,-12.756,1.709,-158.917,10.102,82.172
26,682,0.00347,0.02083,288,1,-0.9655,29,24,1,0.01498,0.0048,123.753,0,0,-0.0144,1,-0.1685,-0.4121,-0.9272,2.747,-12.756,1.709,-158.917,10.102,82.172
27,705,-0.0119,-0.02083,1000000,0.8125,-1.2812,32,28,1,0.01231,-0.00289,0,0,0,0.0087,1,-0.2095,-0.415,-0.9199,5.554,-11.23,4.089,-158.78,10.558,82.233
28,745,-0.00575,0.0004,1000000,0.7273,-1.6061,33,29,1,0.01229,-0.00191,0,0,0,0.0057,1,-0.2095,-0.415,-0.9199,5.554,-11.23,4.089,-158.78,10.558,82.233
29,773,0.00362,0.00833,275.99997,0.0333,-1.7,30,23,1,0.01509,0.00117,113.258,0,0,-0.0035,1,-0.2378,-0.4019,-0.9111,2.625,-5.493,4.883,-158.56,10.986,82.2
30,796,-0.01736,-0.02738,1000000,-0.0938,-0.9688,32,24,1,0.01076,-0.0074,0,0,0,0.0222,1,-0.2158,-0.3657,-0.9287,0.671,4.211,1.282,-158.511,11.019,82.128
31,820,0.00667,0.01515,150,-0.9091,-1.2424,33,25,1,0.01493,-0.00063,82.289,0,0,0.0019,1,-0.2158,-0.3657,-0.9287,0.671,4.211,1.282,-158.511,11.019,82.128
32,844,0.00298,0.04501,336,-0.9714,-0.4,35,28,1,0.01674,0.01306,203.078,0,0,-0.0392,1,-0.2002,-0.3604,-0.9229,-0.366,4.761,-7.446,-158.472,10.723,82.244
33,872,0.02652,0.02381,37.71428,-0.4375,0.125,32,22,1,0.02508,0.01628,90.291,0,0,-0.0489,1,-0.2002,-0.3604,-0.9229,-0.366,4.761,-7.446,-158.472,10.723,82.244
34,910,-0.00379,-0.01042,1000000,0.0312,0.9375,32,22,1,0.02182,0.00827,0,0,0,-0.0248,1,-0.105,-0.396,-0.9209,7.141,4.517,-12.268,-158.099,10.217,82.848
35,928,0,0,1000000,1,0.7586,29,21,1,0.02067,0.00579,0,0,0,-0.0174,1,-0.123,-0.3701,-0.9297,6.287,3.723,-7.446,-157.906,10.042,83.024
36,956,-0.00379,0.00694,1000000,1.6897,1.0345,29,22,1,0.01873,0.00614,0,0,0,-0.0184,1,-0.123,-0.3701,-0.9297,6.287,3.723,-7.446,-157.906,10.042,83.024
37,994,0.01282,0.02564,78,1,1.2188,32,26,1,0.02236,0.01199,135.66,0,0,-0.036,1,-0.146,-0.3779,-0.8975,9.399,-9.705,-0.793,-157.418,10.19,83.331
38,1012,0.01282,-0.00198,78,0.7812,0.2812,32,26,1,0.0249,0.0078,353.127,0,0,-0.0234,1,-0.146,-0.3779,-0.8975,9.399,-9.705,-0.793,-157.418,10.19,83.331
39,1040,-0.00667,-0.02618,1000000,0.8065,-1.0323,31,25,1,0.02083,-0.00239,0,0,0,0.0072,1,-0.1387,-0.3843,-0.8813,9.338,-7.629,0.61,-157,10.481,83.463
40,1077,0.00347,0.0204,288.00003,0.2333,-1.2667,30,24,1,0.02102,0.00444,1000,0,0,-0.0133,1,-0.145,-0.3862,-0.8701,12.939,-4.883,2.136,-156.511,10.684,83.474
41,1096,0.00641,0.0119,156,0,-1,32,26,1,0.02204,0.00668,823.793,0,0,-0.02,1,-0.187,-0.4038,-0.8838,8.667,-4.028,2.319,-156.187,10.778,83.458
42,1124,0.00833,0.00231,119.99999,-0.0857,-0.7143,35,30,1,0.02333,0.00537,615.515,0,0,-0.0161,1,-0.1875,-0.4326,-0.8833,5.249,-5.92,2.869,-155.984,10.92,83.441
43,1155,0,-0.01133,1000000,0.0833,-0.25,36,31,1,0.02173,0.00036,0,0,0,-0.0011,1,-0.1875,-0.4326,-0.8833,5.249,-5.92,2.869,-155.984,10.92,83.441
44,1180,-0.01302,-0.03273,1000000,0.0811,-0.3514,37,32,1,0.0167,-0.00957,0,0,0,0.0287,1,-0.2158,-0.418,-0.8882,1.282,-3.601,5.31,-155.962,11.146,83.32
45,1207,-0.00538,-0.00877,1000000,0.1111,-0.5,36,31,1,0.01548,-0.00933,0,0,0,0.028,1,-0.2939,-0.3594,-0.9097,2.014,-3.601,1.526,-155.929,11.261,83.298
46,1247,-0.01075,-0.01852,1000000,0.1351,-0.3514,37,31,1,0.01301,-0.01208,0,0,0,0.0363,1,-0.2671,-0.4023,-0.8716,1.16,0,-5.188,-155.654,11.349,83.578
47,1264,-0.00833,-0.00231,1000000,0.3056,-0.5556,36,30,1,0.01201,-0.00915,0,0,0,0.0275,1,-0.2671,-0.4023,-0.8716,1.16,0,-5.188,-155.654,11.349,83.578
48,1303,-0.00287,-0.00463,1000000,0.7059,-0.0588,34,29,1,0.01294,-0.0078,262.779,0,0,0.0234,1,-0.2549,-0.4268,-0.8765,4.517,4.456,-8.301,-155.418,11.135,83.87
49,1319,-0.02083,-0.04815,1000000,1.0968,0.0645,31,24,1,0.00821,-0.0199,0,0,0,0.0597,1,-0.2549,-0.4268,-0.8765,4.517,4.456,-8.301,-155.418,11.135,83.87
50,1350,-0.01263,-0.01984,1000000,0.7368,1.0789,38,33,1,0.00736,-0.01988,0,0,0,0.0597,1,-0.1885,-0.4917,-0.8584,-2.869,5.493,1.404,-155.418,10.926,83.974
51,1387,-0.00505,-0.00794,1000000,0.7692,1.1282,39,33,1,0.00904,-0.0163,96.983,0,0,0.0489,1,-0.209,-0.436,-0.873,-3.54,1.099,5.432,-155.698,10.876,83.782
52,1403,-0.02525,-0.03968,1000000,-0.0256,0.8462,39,33,1,0.00415,-0.02331,0,0,0,0.0699,1,-0.209,-0.436,-0.873,-3.54,1.099,5.432,-155.698,10.876,83.782
53,1448,0,-0.01157,1000000,-0.8378,0.5405,37,30,1,0.0083,-0.01979,33.977,0,0,0.0594,1,-0.1333,-0.4414,-0.8555,-1.526,-1.526,9.094,-155.792,11.107,83.392
54,1459,0.00893,0.00347,111.99999,-1.0882,-0.0882,34,28,1,0.01389,-0.01281,94.483,0,0,0.0384,1,-0.1333,-0.4414,-0.8555,-1.526,-1.526,9.094,-155.792,11.107,83.392
55,1492,-0.04,-0.06357,1000000,-0.9677,-0.6774,31,25,1,0.00312,-0.02804,0,0,0,0.0841,1,-0.1567,-0.4263,-0.8774,-2.38,-7.874,12.085,-155.923,11.492,82.914
56,1515,-0.03205,-0.04902,1000000,-1.1515,-0.5152,33,26,1,-0.00203,-0.03433,17.321,0,0,0.103,1,-0.1875,-0.4121,-0.8496,3.784,-10.864,14.221,-155.792,12.14,82.551
57,1556,-0.01136,-0.01667,1000000,-1.0714,-0.8214,28,22,1,0.00057,-0.02903,5.053,0,0,0.0871,1,-0.1963,-0.4272,-0.8374,5.371,-8.057,16.968,-155.709,12.404,82.244
58,1581,-0.04545,-0.05506,1000000,-1.3077,-1.3462,26,22,1,-0.00784,-0.03684,22.37,0,0,0.1105,1,-0.1782,-0.397,-0.8706,-4.028,2.502,15.503,-155.742,12.629,81.953
59,1606,0,0,1000000,-1.9667,-1.8,30,24,1,-0.00009,-0.02579,0,0,0,0.0774,1,-0.1782,-0.397,-0.8706,-4.028,2.502,15.503,-155.742,12.629,81.953
60,1629,0.01087,0.03397,92,-1.8788,-1.1818,33,23,1,0.0086,-0.00786,19.803,0,0,0.0236,1,-0.2212,-0.3403,-0.9141,-0.793,13.977,-5.066,-156.835,10.679,81.442
61,1654,-0.00333,-0.00556,1000000,-2.0882,-0.2059,34,25,1,0.01042,-0.00717,458.12,0,0,0.0215,1,0.019,-0.4404,-1.3662,83.008,-109.497,5.493,-160.966,-2.01,83.249
62,1682,-0.00333,-0.00556,1000000,-2.0882,-0.2059,34,25,1,0.01042,-0.00717,458.12,0,0,0.0215,0,-0.0908,-0.3008,-0.4253,71.838,-28.809,25.574,-158.95,2.911,82.776
63,1710,-0.00333,-0.00556,1000000,-2.0882,-0.2059,34,25,1,0.01042,-0.00717,458.12,0,0,0.0215,0,-0.0576,-0.4351,-0.9707,-2.319,33.875,-4.944,-160.329,0.286,82.43
64,1738,-0.00926,-0.02917,1000000,-2.9429,3.3143,35,27,1,0.00992,-0.01377,0,0,0,0.0413,1,-0.0576,-0.4351,-0.9707,-2.319,33.875,-4.944,-160.329,0.286,82.43
65,1766,0.01235,0.02222,81.00001,1.0882,1.1765,34,27,1,0.01605,-0.00297,57.598,0,0,0.0089,1,-0.0576,-0.4351,-0.9707,-2.319,33.875,-4.944,-160.329,0.286,82.43
66,1794,-0.00556,-0.00926,1000000,0.9444,0.8333,36,30,1,0.01497,-0.00486,0,0,0,0.0146,1,0.0337,-0.3208,-1.1421,24.658,-25.818,-4.211,-161.521,-0.341,82.831
67,1822,-0.00556,-0.00926,1000000,0.9444,0.8333,36,30,1,0.01497,-0.00486,0,0,0,0.0146,0,0.0942,-0.2695,-1.3042,178.711,-127.686,8.179,-159.736,0.879,83.167
68,2186,-0.00556,-0.00926,1000000,0.9444,0.8333,36,30,1,0.01497,-0.00486,0,0,0,0.0146,0,-0.1177,-0.2939,-0.4717,77.759,-48.828,3.723,-157.577,2.313,83.677
69,2410,-0.00556,-0.00926,1000000,0.9444,0.8333,36,30,1,0.01497,-0.00486,0,0,0,0.0146,0,-0.0815,-0.5366,-1.0293,19.714,-19.653,-4.883,-156.154,3.203,83.985
70,2718,0,0,0,0,0,0,0,0,0.01497,-0.00486,0,0,0,0.0146,1,0.0371,-0.4526,-0.9473,59.631,-25.879,-30.823,-154.429,3.362,84.507
71,2887,0,0,0,0,0,0,0,0,0.01497,-0.00486,0,0,0,0.0146,1,0.1367,-0.5737,-1.0913,-16.296,-38.818,13.428,-153.721,3.867,85.1
72,2899,-0.09028,0.24167,1000000,1.85,1.2,20,12,1,-0.01121,0.0691,34.258,0,0,-0.2073,1,0.1367,-0.5737,-1.0913,-16.296,-38.818,13.428,-153.721,3.867,85.1
73,2915,0.04688,0.09242,21.33333,-0.6,-0.12,25,16,1,0.01162,0.0761,10.688,0,0,-0.2283,1,-0.2729,-0.5942,-0.6787,-108.887,146.362,-1.892,-155.731,3.362,84.803
74,2943,0.04688,0.09242,21.33333,-0.6,-0.12,25,16,1,0.01162,0.0761,10.688,0,0,-0.2283,0,-0.2729,-0.5942,-0.6787,-108.887,146.362,-1.892,-157.385,1.329,83.93
75,2972,0.04688,0.09242,21.33333,-0.6,-0.12,25,16,1,0.01162,0.0761,10.688,0,0,-0.2283,0,-0.0283,-0.3955,-0.9287,-43.579,14.832,-14.771,-158.236,-0.297,83.859
76,2999,0,0,0,0,0,0,0,0,0.01162,0.0761,10.688,0,0,-0.2283,1,0.0742,-0.4629,-0.9126,-28.442,53.711,-3.723,-159.186,-1.467,83.589
77,3027,-0.02381,-0.02564,1000000,0.7368,-4.4737,19,14,1,0.00639,0.04558,0,0,0,-0.1367,1,0.0742,-0.4629,-0.9126,-28.442,53.711,-3.723,-159.186,-1.467,83.589
78,3055,0.09615,0.34167,10.4,2.7895,2.8947,19,13,1,0.03872,0.1344,25.15,0,0,-0.4032,1,0.1118,-0.373,-1.1973,-4.7,-27.588,0.244,-159.527,-1.972,83.705
79,3082,0.09615,0.34167,10.4,2.7895,2.8947,19,13,1,0.03872,0.1344,25.15,0,0,-0.4032,0,0.0122,-0.3467,-1.1519,120.605,-149.78,0.366,-157.747,0.242,84.534
80,3111,0.09615,0.34167,10.4,2.7895,2.8947,19,13,1,0.03872,0.1344,25.15,0,0,-0.4032,0,-0.0229,-0.3857,-0.5425,46.875,-90.332,-0.793,-156.198,2.571,85.512
81,3139,0.09615,0.34167,10.4,2.7895,2.8947,19,13,1,0.03872,0.1344,25.15,0,0,-0.4032,0,-0.0229,-0.3857,-0.5425,46.875,-90.332,-0.793,-156.198,2.571,85.512
82,3167,0.09615,0.34167,10.4,2.7895,2.8947,19,13,1,0.03872,0.1344,25.15,0,0,-0.4032,0,-0.0229,-0.3857,-0.5425,46.875,-90.332,-0.793,-156.198,2.571,85.512
83,3195,0.09615,0.34167,10.4,2.7895,2.8947,19,13,1,0.03872,0.1344,25.15,0,0,-0.4032,0,0.0093,-0.4741,-1.0151,-1.587,-27.771,-5.005,-155.303,2.983,85.743
84,3222,0,0,0,0,0,0,0,0,0.03872,0.1344,25.15,0,0,-0.4032,1,0.0093,-0.4741,-1.0151,-1.587,-27.771,-5.005,-155.303,2.983,85.743
85,3251,0.03205,0.18561,31.2,0.8889,-2.3889,18,13,1,0.04212,0.14976,991.069,0,0,-0.4493,1,0.0093,-0.4741,-1.0151,-1.587,-27.771,-5.005,-155.303,2.983,85.743
86,3283,0,0,0,0,0,0,0,0,0.04212,0.14976,991.069,0,0,-0.4493,1,0,-0.4331,-1.082,-38.208,56.458,25.757,-160.087,-1.06,83.831
87,3312,0,0,0,0,0,0,0,0,0.04212,0.14976,991.069,0,0,-0.4493,1,-0.0547,-0.5322,-0.6045,-83.862,49.5,-16.357,-156.116,4.109,85.128
88,3334,0,0,0,0,0,0,0,0,0.04212,0.14976,991.069,0,0,-0.4493,0,-0.1064,-0.3804,-0.5396,67.078,-35.522,22.278,-154.962,3.961,80.491
89,3361,0,0,0,0,0,0,0,0,0.04212,0.14976,991.069,0,0,-0.4493,0,-0.1064,-0.3804,-0.5396,67.078,-35.522,22.278,-154.962,3.961,80.491
90,3389,0,0,0,0,0,0,0,0,0.04212,0.14976,991.069,0,0,-0.4493,0,-0.0439,-0.3706,-0.9673,49.866,-6.531,-16.907,-153.929,3.966,80.942
91,3417,0,0,0,0,0,0,0,0,0.04212,0.14976,991.069,0,0,-0.4493,1,0.1025,-0.1812,-0.667,-18.677,-37.354,0,-154.122,5.213,81.453
92,3445,0,0,0,0,0,0,0,0,0.04212,0.14976,991.069,0,0,-0.4493,0,-0.0889,-0.3003,-0.7163,-105.957,54.749,-9.216,-155.836,4.532,81.31
93,3473,0,0,0,0,0,0,0,0,0.04212,0.14976,991.069,0,0,-0.4493,0,-0.2998,-0.6069,-0.6353,-91.797,132.446,20.996,-158.242,1.978,79.821
94,3501,0,0,0,0,0,0,0,0,0.04212,0.14976,991.069,0,0,-0.4493,0,-0.0381,-0.4395,-0.8594,16.541,37.476,5.676,-157.709,0.659,79.124
95,3585,0,0,0,0,0,0,0,0,0.04212,0.14976,991.069,0,0,-0.4493,1,-0.0381,-0.4395,-0.8594,16.541,37.476,5.676,-157.709,0.659,79.124
96,3754,0,0,0,0,0,0,0,0,0.04212,0.14976,991.069,0,0,-0.4493,1,-0.0337,-0.373,-1.1074,-40.588,3.296,4.7,-158.357,-0.093,78.695
97,3792,0,0,0,0,0,0,0,0,0.04212,0.14976,991.069,0,0,-0.4493,1,0.0781,-0.2935,-1.1357,68.481,-52.734,-1.282,-157.791,0.406,78.827
98,3810,-0.00877,-0.01042,1000000,0.037,-4.1111,27,19,1,0.03225,0.10171,0,0,0,-0.3051,1,-0.0254,-0.5259,-0.9912,114.746,-141.785,3.845,-155.374,2.851,79.854
99,3838,0.01042,-0.20556,95.99999,0.4348,0.5217,23,16,1,0.0311,0.00953,0,0,0,-0.0286,1,-0.0513,-0.4229,-0.7012,44.922,-3.113,-2.808,-153.913,3.505,80.217
100,3867,0.01042,-0.20556,95.99999,0.4348,0.5217,23,16,1,0.0311,0.00953,0,0,0,-0.0286,0,-0.0513,-0.4229,-0.7012,44.922,-3.113,-2.808,-153.913,3.505,80.217
101,3900,0.01042,-0.20556,95.99999,0.4348,0.5217,23,16,1,0.0311,0.00953,0,0,0,-0.0286,0,0.0166,-0.4131,-0.9297,22.156,-8.24,-38.33,-153.287,3.279,80.75
102,3929,0,0,0,0,0,0,0,0,0.0311,0.00953,0,0,0,-0.0286,1,0.0166,-0.4131,-0.9297,22.156,-8.24,-38.33,-153.287,3.279,80.75
103,3953,-0.02083,-0.01111,1000000,-1.6667,-0.0417,24,16,1,0.02092,0.00334,0,0,0,-0.01,1,-0.1533,-0.3999,-0.6519,-126.16,110.901,-19.165,-156.094,1.45,81.398
104,3979,-0.02083,-0.01111,1000000,-1.6667,-0.0417,24,16,1,0.02092,0.00334,0,0,0,-0.01,0,-0.2393,-0.4907,-0.8721,-41.443,132.263,9.827,-157.302,-0.868,80.343
105,4006,-0.10606,-0.11667,1000000,3.4444,-2.5,18,11,1,-0.01177,-0.03266,16.925,0,0,0.098,1,-0.2393,-0.4907,-0.8721,-41.443,132.263,9.827,-157.302,-0.868,80.343
106,4034,0.04167,0,24,1.1667,-1,18,10,1,0.00966,-0.02286,9.013,0,0,0.0686,1,-4.2544,-0.3979,-1.0054,-33.386,9.583,9.033,-158.357,-1.901,79.096
107,4071,-0.02564,-0.03333,1000000,1.4,-1.4,20,13,1,0.00447,-0.02601,0,0,0,0.078,1,-0.0615,-0.5303,-0.6235,116.882,-157.227,35.583,-156.528,-0.297,80.123
108,4091,-0.02564,-0.03333,1000000,1.4,-1.4,20,13,1,0.00447,-0.02601,0,0,0,0.078,0,0.0029,-0.4146,-0.9932,55.359,-30.701,-16.418,-152.567,2.939,81.519
109,4124,0,0,0,0,0,0,0,0,0.00447,-0.02601,0,0,0,0.078,1,0.0029,-0.4146,-0.9932,55.359,-30.701,-16.418,-152.567,2.939,81.519
110,4146,-0.00595,-0.00926,1000000,-4.1429,1.3333,21,14,1,0.00674,-0.02098,237.225,0,0,0.0629,1,-9.0029,-0.6489,-0.5356,-182.251,152.405,10.681,-154.402,2.966,82.76
111,4173,-0.00595,-0.00926,1000000,-4.1429,1.3333,21,14,1,0.00674,-0.02098,237.225,0,0,0.0629,0,-9.0029,-0.6489,-0.5356,-182.251,152.405,10.681,-154.402,2.966,82.76
112,4201,-0.00595,-0.00926,1000000,-4.1429,1.3333,21,14,1,0.00674,-0.02098,237.225,0,0,0.0629,0,-9.0029,-0.6489,-0.5356,-182.251,152.405,10.681,-154.402,2.966,82.76
113,4229,-0.00595,-0.00926,1000000,-4.1429,1.3333,21,14,1,0.00674,-0.02098,237.225,0,0,0.0629,0,-0.0679,-0.2974,-0.978,8.911,55.664,-1.038,-157.549,-2.494,79.882
114,4257,0.11111,0.08333,9,-0.7059,-1.8235,17,12,1,0.04345,0.01031,94.693,0,0,-0.0309,1,0.0752,-0.3721,-1.1191,-18.433,-8.179,-5.066,-160.098,-3.812,79.777
115,4824,0,0,0,0,0,0,0,0,0.04345,0.01031,94.693,0,0,-0.0309,1,0.0752,-0.3721,-1.1191,-18.433,-8.179,-5.066,-160.098,-3.812,79.777
116,4846,-0.06944,-0.07576,1000000,4.5556,-2.3889,18,12,1,0.01498,-0.01551,0,0,0,0.0465,1,-0.0278,-0.3442,-0.5776,101.624,-126.526,15.076,-156.698,-0.363,81.09
117,4874,-0.06944,-0.07576,1000000,4.5556,-2.3889,18,12,1,0.01498,-0.01551,0,0,0,0.0465,0,-0.0278,-0.3442,-0.5776,101.624,-126.526,15.076,-156.698,-0.363,81.09
118,4902,-0.06944,-0.07576,1000000,4.5556,-2.3889,18,12,1,0.01498,-0.01551,0,0,0,0.0465,0,0.0625,-0.4575,-0.9355,28.076,-16.174,-21.179,-154.808,1.28,82.386
119,4936,0,0,0,0,0,0,0,0,0.01498,-0.01551,0,0,0,0.0465,1,0.1587,-0.4307,-1.0474,31.006,-45.959,0.916,-153.913,2.021,83.046
120,4956,0.02778,-0.04861,36,-0.7083,4.0833,24,21,1,0.02422,-0.02544,209.754,0,0,0.0763,1,0.1587,-0.4307,-1.0474,31.006,-45.959,0.916,-153.913,2.021,83.046
121,4986,0.01042,0.07639,96,-0.8571,1.0714,28,24,1,0.02548,0.00511,485.949,0,0,-0.0153,1,0.125,-0.2432,-0.4912,-114.746,44.373,-25.94,-154.622,2.06,83.348
122,5014,0.01042,0.07639,96,-0.8571,1.0714,28,24,1,0.02548,0.00511,485.949,0,0,-0.0153,0,-0.083,-0.5249,-0.7275,-142.09,159.424,4.761,-158.588,-1.412,82.04
123,5042,0.01042,0.07639,96,-0.8571,1.0714,28,24,1,0.02548,0.00511,485.949,0,0,-0.0153,0,-0.083,-0.5249,-0.7275,-142.09,159.424,4.761,-158.588,-1.412,82.04
124,5073,0.01042,0.07639,96,-0.8571,1.0714,28,24,1,0.02548,0.00511,485.949,0,0,-0.0153,0,0,-0.4268,-0.8643,-40.039,74.219,11.841,-160.422,-5.109,80.184
125,5098,0.125,-0.26042,8,0.6471,-1.2941,17,10,1,0.06074,-0.07455,137.818,0,0,0.2236,1,0,-0.4268,-0.8643,-40.039,74.219,11.841,-160.422,-5.109,80.184
126,5126,0,0,0,0,0,0,0,0,0.06074,-0.07455,137.818,0,0,0.2236,1,0.1416,-0.3516,-1.1782,-2.258,-12.207,10.376,-160.818,-6.334,79.492
127,5154,0,0,0,0,0,0,0,0,0.06074,-0.07455,137.818,0,0,0.2236,0,0.1616,-0.3398,-1.2837,148.926,-122.864,6.165,-159.362,-4.894,79.794
128,5181,0,0,0,0,0,0,0,0,0.06074,-0.07455,137.818,0,0,0.2236,0,0.0435,-0.3989,-0.5439,142.944,-137.817,18.677,-155.116,-1.077,80.942
129,5210,0,0,0,0,0,0,0,0,0.06074,-0.07455,137.818,0,0,0.2236,0,0.0435,-0.3989,-0.5439,142.944,-137.817,18.677,-155.116,-1.077,80.942
130,5238,0,0,0,0,0,0,0,0,0.06074,-0.07455,137.818,0,0,0.2236,0,0.0371,-0.5625,-0.7422,30.029,-48.523,-25.391,-153.007,0.676,82.623
131,5266,0,0,0,0,0,0,0,0,0.06074,-0.07455,137.818,0,0,0.2236,0,0.0371,-0.5625,-0.7422,30.029,-48.523,-25.391,-153.007,0.676,82.623
132,5293,0,0,0,0,0,0,0,0,0.06074,-0.07455,137.818,0,0,0.2236,0,-0.0342,-0.5977,-0.9829,-13.916,-5.31,42.969,-154.764,0.742,82.76
133,5322,0,0,0,0,0,0,0,0,0.06074,-0.07455,137.818,0,0,0.2236,1,-0.0542,-0.3052,-0.334,-146.24,98.328,35.645,-157.154,-0.104,81.101
134,5350,0,0,0,0,0,0,0,0,0.06074,-0.07455,137.818,0,0,0.2236,0,-0.1064,-0.3018,-1.0332,-21.912,92.163,-11.963,-158.242,-2.291,80.283
135,5381,-0.0303,-0.30833,1000000,1.2941,-4.7647,17,11,1,0.03882,-0.14468,0,0,0,0.4341,1,-0.1064,-0.3018,-1.0332,-21.912,92.163,-11.963,-158.242,-2.291,80.283
136,5405,-0.01042,0.02381,1000000,-0.7,4.7,20,16,1,0.02945,-0.09414,0,0,0,0.2824,1,0.0576,-0.4604,-0.8799,-73.181,66.162,-7.385,-159.285,-3.966,79.909
137,5434,0.00556,-0.17593,180.00005,-1.85,4.65,20,15,1,0.02768,-0.11867,0,0,0,0.356,1,0.0947,-0.3921,-1.1353,-33.997,-21.423,12.939,-160.329,-4.927,79.684
138,5470,0.04902,0.00139,20.4,-1.4545,4.5455,22,17,1,0.03948,-0.08265,73.609,0,0,0.248,1,0.1338,-0.3628,-1.3223,134.216,-132.629,-2.075,-159.483,-2.67,80.321
139,5499,0.04902,0.00139,20.4,-1.4545,4.5455,22,17,1,0.03948,-0.08265,73.609,0,0,0.248,0,0.0142,-0.4624,-0.623,109.558,-154.236,15.442,-157.083,-0.588,81.013
140,5517,0.04902,0.00139,20.4,-1.4545,4.5455,22,17,1,0.03948,-0.08265,73.609,0,0,0.248,0,-0.0254,-0.4478,-1.0054,42.908,-52.673,-4.517,-155.138,1.741,81.985
141,5546,0,0,0,0,0,0,0,0,0.03948,-0.08265,73.609,0,0,0.248,1,-0.0254,-0.4478,-1.0054,42.908,-52.673,-4.517,-155.138,1.741,81.985
142,5573,0,0,0,0,0,0,0,0,0.03948,-0.08265,73.609,0,0,0.248,1,-0.0254,-0.4478,-1.0054,42.908,-52.673,-4.517,-155.138,1.741,81.985
143,5607,0.06667,-0.01852,15,1,-4.0667,15,10,1,0.05304,-0.06341,313.034,0,0,0.1902,1,-0.1362,-0.3813,-0.7002,-73.914,45.898,-17.029,-154.468,2.186,84.133
144,5629,0.06667,-0.01852,15,1,-4.0667,15,10,1,0.05304,-0.06341,313.034,0,0,0.1902,0,0.021,-0.3877,-0.7476,-186.035,181.213,20.874,-157.983,-0.807,83.04
145,5657,0.06667,-0.01852,15,1,-4.0667,15,10,1,0.05304,-0.06341,313.034,0,0,0.1902,0,-0.0171,-0.3179,-1.104,-60.547,71.472,21.362,-161.186,-3.823,81.299
146,5692,0,0,0,0,0,0,0,0,0.05304,-0.06341,313.034,0,0,0.1902,1,0.083,-0.3115,-1.0537,-34.546,43.396,5.31,-162.515,-5.098,80.112
147,5713,-0.05208,0.16667,1000000,-4.5652,3.4783,23,16,1,0.0269,0.00561,0,0,0,-0.0168,1,0.1738,-0.3491,-1.0801,17.151,14.648,7.751,-162.636,-5.806,79.574
148,5750,0.0375,-0.00833,26.66667,-2.6538,3.3077,26,20,1,0.03548,0.00143,103.392,0,0,-0.0043,1,0.1553,-0.3467,-1.0488,164.917,-157.227,-3.784,-155.528,-0.626,82.183
149,5769,0.00463,0.12037,215.99989,-1.5217,-0.7391,23,18,1,0.03163,0.03711,0,0,0,-0.1113,1,0.1553,-0.3467,-1.0488,164.917,-157.227,-3.784,-155.528,-0.626,82.183
150,5797,0,0,0,0,0,0,0,0,0.03163,0.03711,0,0,0,-0.1113,1,-0.0205,-0.5078,-1.1333,42.175,-50.659,4.578,-152.529,2.038,83.172
151,5828,0,0,0,0,0,0,0,0,0.03163,0.03711,0,0,0,-0.1113,1,-0.0269,-0.2759,-0.7974,-17.639,-64.087,-16.846,-152.611,2.95,83.925
152,5853,0,0,0,0,0,0,0,0,0.03163,0.03711,0,0,0,-0.1113,0,-0.0269,-0.2759,-0.7974,-17.639,-64.087,-16.846,-152.611,2.95,83.925
153,5881,0,0,0,0,0,0,0,0,0.03163,0.03711,0,0,0,-0.1113,0,0,-0.3364,-0.3809,-177.856,47.668,-5.615,-154.259,4.296,86.364
154,5908,0,0,0,0,0,0,0,0,0.03163,0.03711,0,0,0,-0.1113,0,-0.252,-0.3579,-0.7139,-203.796,171.875,0.427,-160.104,0.588,84.88
155,5937,0,0,0,0,0,0,0,0,0.03163,0.03711,0,0,0,-0.1113,0,0.0679,-0.3589,-1.0371,-34.607,89.05,16.785,-163.707,-3.093,82.408
156,5964,0,0,0,0,0,0,0,0,0.03163,0.03711,0,0,0,-0.1113,1,0.0957,-0.2559,-1.2563,56.519,-30.09,-29.419,-163.12,-4.12,82.365
157,6001,0,0,0,0,0,0,0,0,0.03163,0.03711,0,0,0,-0.1113,0,0.1055,-0.4629,-1.3022,153.992,-127.686,3.967,-161.054,-2.664,83.095
158,6021,0,0,0,0,0,0,0,0,0.03163,0.03711,0,0,0,-0.1113,0,-0.0034,-0.4517,-0.6846,190.918,-143.127,32.776,-155.753,1.417,83.958
159,6049,0,0,0,0,0,0,0,0,0.03163,0.03711,0,0,0,-0.1113,0,-0.0278,-0.3604,-0.9043,79.163,-60.364,23.926,-154.611,2.73,83.606
160,6077,0.03333,0.35417,30,-1.5333,-3.6,15,10,1,0.03754,0.13223,507.941,0,0,-0.3967,1,0.0156,-0.2666,-0.9375,51.697,-59.082,-13.062,-152.682,4.318,84.254
161,6105,0,0,0,0,0,0,0,0,0.03754,0.13223,507.941,0,0,-0.3967,1,0.0156,-0.2666,-0.9375,51.697,-59.082,-13.062,-152.682,4.318,84.254
162,6137,0,0,0,0,0,0,0,0,0.03754,0.13223,507.941,0,0,-0.3967,1,-0.2275,-0.4434,-0.7607,-226.074,120.3,16.785,-158.917,2.126,84.359
163,6160,0,0,0,0,0,0,0,0,0.03754,0.13223,507.941,0,0,-0.3967,0,-0.127,-0.3682,-0.9639,-95.764,54.504,1.221,-163.015,0.044,83.419
164,6189,0,0,0,0,0,0,0,0,0.03754,0.13223,507.941,0,0,-0.3967,1,0.0298,-0.3047,-1.0225,-17.456,70.618,9.583,-163.405,-1.555,82.755
165,6220,0.03205,0.10648,31.2,-2.0526,4.7368,19,13,1,0.04129,0.1245,879.975,0,0,-0.3735,1,0.0298,-0.3047,-1.0225,-17.456,70.618,9.583,-163.405,-1.555,82.755
166,6245,-0.03646,-0.14167,1000000,-3.65,5.25,20,16,1,0.02337,0.04465,0,0,0,-0.134,1,0.0981,-0.3057,-1.1719,19.409,23.804,0.122,-162.587,-2.34,82.386
167,6272,-0.03646,-0.14167,1000000,-3.65,5.25,20,16,1,0.02337,0.04465,0,0,0,-0.134,0,0.0718,-0.3413,-1.2744,99.731,-50.293,0.977,-161.087,-1.604,82.612
168,6301,-0.03646,-0.14167,1000000,-3.65,5.25,20,16,1,0.02337,0.04465,0,0,0,-0.134,0,-0.0073,-0.3521,-0.8267,52.246,-57.129,11.963,-157.104,1.593,83.238
169,6328,-0.03646,-0.14167,1000000,-3.65,5.25,20,16,1,0.02337,0.04465,0,0,0,-0.134,0,-0.0142,-0.4375,-0.9619,25.024,-50.72,14.648,-156.11,3.164,83.48
170,6361,0,0,0,0,0,0,0,0,0.02337,0.04465,0,0,0,-0.134,1,0.0278,-0.2646,-0.9243,26.428,-63.354,-5.981,-154.039,4.686,83.969
171,6385,0,0,0,0,0,0,0,0,0.02337,0.04465,0,0,0,-0.134,1,0.0552,-0.3066,-0.7876,-48.767,-42.603,-21.362,-154.49,5.707,85.045
172,6413,0,0,0,0,0,0,0,0,0.02337,0.04465,0,0,0,-0.134,0,0.0552,-0.3066,-0.7876,-48.767,-42.603,-21.362,-154.49,5.707,85.045
173,6441,0,0,0,0,0,0,0,0,0.02337,0.04465,0,0,0,-0.134,0,-0.1758,-0.2988,-1.0718,-64.575,57.19,3.784,-162.944,1.351,83.732
174,6474,0,0,0,0,0,0,0,0,0.02337,0.04465,0,0,0,-0.134,1,-0.0605,-0.2896,-0.937,-30.579,40.894,-6.653,-164.399,-0.176,83.32
175,6497,-0.00595,0.01667,1000000,-1.95,5.45,20,14,1,0.01997,0.03626,0,0,0,-0.1088,1,0.0283,-0.4468,-1.1289,22.278,24.597,-9.094,-164.295,-1.296,83.139
176,6533,0.01515,-0.0057,66,-1.963,5.2222,27,22,1,0.02393,0.02367,139.167,0,0,-0.071,1,0.0283,-0.4468,-1.1289,22.278,24.597,-9.094,-164.295,-1.296,83.139
177,6553,0.03922,0.10577,25.5,-0.0435,-1.0435,23,17,1,0.03391,0.0483,129.033,0,0,-0.1449,1,0.0283,-0.4468,-1.1289,22.278,24.597,-9.094,-164.295,-1.296,83.139
178,6586,0,0,0,0,0,0,0,0,0.03391,0.0483,129.033,0,0,-0.1449,1,0,-0.3501,-0.8896,23.499,-49.194,-6.165,-157.319,2.626,84.836
179,6615,-0.00758,-0.11111,1000000,3.1667,-4.7222,18,11,1,0.02687,0.00048,0,0,0,-0.0014,1,0.0688,-0.3789,-0.8574,17.639,-35.461,7.996,-155.715,4.4,85.364
180,6636,0.02083,0.02083,48,1,-4.5882,17,12,1,0.03046,0.00658,296.908,0,0,-0.0198,1,0.0688,-0.3789,-0.8574,17.639,-35.461,7.996,-155.715,4.4,85.364
181,6676,-0.03869,-0.00833,1000000,0,-4.5,34,28,1,0.01511,0.00211,0,0,0,-0.0063,1,-0.231,-0.374,-0.978,-162.17,96.313,8.179,-162.971,1.329,84.084
182,6693,0,0,0,0,0,0,0,0,0.01511,0.00211,0,0,0,-0.0063,1,-0.231,-0.374,-0.978,-162.17,96.313,8.179,-162.971,1.329,84.084
183,6721,-0.025,-0.02778,1000000,-1.375,5.125,16,10,1,0.00848,-0.00686,0,0,0,0.0206,1,-0.0337,-0.4429,-0.834,2.258,30.518,6.592,-164.41,0.121,83.82
184,6749,-0.025,-0.02778,1000000,-1.375,5.125,16,10,1,0.00848,-0.00686,0,0,0,0.0206,0,0.0015,-0.3286,-1.0264,-19.714,51.086,15.076,-164.619,-0.648,83.315
185,6784,-0.01961,-0.0303,1000000,-5.2273,5.0909,22,17,1,0.00545,-0.01389,0,0,0,0.0417,1,0.0015,-0.3286,-1.0264,-19.714,51.086,15.076,-164.619,-0.648,83.315
186,6805,0.02604,0.06389,38.39999,-1.625,0.6667,24,16,1,0.01703,0.00944,50.014,0,0,-0.0283,1,0,-0.5215,-0.7568,143.555,-106.628,13.367,-159.857,1.5,84.106
187,6833,0.02604,0.06389,38.39999,-1.625,0.6667,24,16,1,0.01703,0.00944,50.014,0,0,-0.0283,0,-0.0342,-0.3486,-0.9663,87.646,-31.555,13.062,-156.687,3.192,84.106
188,6865,0,0,0,0,0,0,0,0,0.01703,0.00944,50.014,0,0,-0.0283,1,-0.0815,-0.4326,-0.9336,65.552,-57.434,-19.043,-155.045,4.559,84.606
189,6889,0,0,0,0,0,0,0,0,0.01703,0.00944,50.014,0,0,-0.0283,1,0.0752,-0.4473,-0.7246,-5.92,-33.02,0.244,-154.512,5.532,85.298
190,6916,0,0,0,0,0,0,0,0,0.01703,0.00944,50.014,0,0,-0.0283,0,0.0044,-0.3428,-0.6978,-65.796,3.357,5.432,-155.858,5.46,85.155
191,6944,0,0,0,0,0,0,0,0,0.01703,0.00944,50.014,0,0,-0.0283,0,-0.2905,-0.2939,-0.9526,-161.987,129.272,15.137,-161.318,2.186,83.688
192,6976,0,0,0,0,0,0,0,0,0.01703,0.00944,50.014,0,0,-0.0283,1,-0.1587,-0.1357,-1.0269,-51.88,35.156,-6.042,-163.889,0.379,83.051
193,7000,-0.04861,-0.21296,1000000,-2.4762,4.5238,21,12,1,0.00274,-0.05728,0,0,0,0.1718,1,0.022,-0.4268,-1.0161,-20.569,57.251,-2.808,-164.795,-1.121,82.892
194,7036,0.00926,-0.04329,107.99998,-2.1667,5.6667,24,18,1,0.01009,-0.05308,27.441,0,0,0.1592,1,0.0229,-0.2822,-1.1646,21.79,8.301,-9.583,-164.383,-1.544,82.963
195,7057,0.00926,-0.04329,107.99998,-2.1667,5.6667,24,18,1,0.01009,-0.05308,27.441,0,0,0.1592,0,-0.0498,-0.1504,-1.1123,79.041,-41.931,-8.728,-158.214,2.159,83.875
196,7084,0.10833,0.21296,9.23077,0.5,-1.8125,16,10,1,0.04497,0.02673,81.236,0,0,-0.0802,1,-0.0498,-0.1504,-1.1123,79.041,-41.931,-8.728,-158.214,2.159,83.875
197,7117,0,0,0,0,0,0,0,0,0.04497,0.02673,81.236,0,0,-0.0802,1,0.0557,-0.5835,-0.8193,27.161,-45.654,3.235,-156.665,3.318,84.446
198,7141,0,0,0,0,0,0,0,0,0.04497,0.02673,81.236,0,0,-0.0802,0,-0.0493,-0.4746,-0.8613,65.063,-25.452,12.573,-155.259,4.059,84.485
199,7174,-0.05,-0.375,1000000,-0.25,-3.375,16,10,1,0.02188,-0.09379,0,0,0,0.2814,1,-0.0005,-0.3643,-0.771,-63.293,17.7,1.587,-156.758,4.087,84.315
200,7197,-0.05,-0.375,1000000,-0.25,-3.375,16,10,1,0.02188,-0.09379,0,0,0,0.2814,0,-0.1074,-0.2886,-0.7017,-210.327,111.511,1.526,-160.263,2.428,83.633
201,7224,-0.05,-0.375,1000000,-0.25,-3.375,16,10,1,0.02188,-0.09379,0,0,0,0.2814,0,-0.165,-0.2231,-0.9526,-23.132,35.217,-12.573,-164.355,-0.11,82.831
202,7258,0,0,0,0,0,0,0,0,0.02188,-0.09379,0,0,0,0.2814,1,0.0698,-0.4097,-1.124,-15.808,40.527,-6.409,-165.992,-2.252,82.694
203,7280,-0.04412,-0.12269,1000000,-0.5652,4.8696,23,17,1,0.00748,-0.10246,0,0,0,0.3074,1,0.085,-0.3521,-1.2778,142.883,-84.229,-10.681,-164.323,-1.697,83.084
204,7307,-0.04412,-0.12269,1000000,-0.5652,4.8696,23,17,1,0.00748,-0.10246,0,0,0,0.3074,0,0,-0.4023,-0.6533,125.427,-98.511,1.953,-160.302,0.868,84.029
205,7337,-0.04412,-0.12269,1000000,-0.5652,4.8696,23,17,1,0.00748,-0.10246,0,0,0,0.3074,0,-0.0166,-0.269,-1.0029,81.116,-52.246,11.047,-157.863,2.302,84.1
206,7365,0,0,0,0,0,0,0,0,0.00748,-0.10246,0,0,0,0.3074,1,-0.0327,-0.3906,-0.8047,82.886,-62.378,-1.099,-155.034,4.147,84.76
207,7399,0,0,0,0,0,0,0,0,0.00748,-0.10246,0,0,0,0.3074,0,0.1401,-0.3418,-0.8174,-16.174,-34.241,7.812,-155.391,4.768,84.897
208,7421,0,0,0,0,0,0,0,0,0.00748,-0.10246,0,0,0,0.3074,0,-0.1167,-0.3804,-0.5693,-173.645,102.417,11.658,-157.956,3.796,84.166
209,7448,0,0,0,0,0,0,0,0,0.00748,-0.10246,0,0,0,0.3074,0,-0.2271,-0.3091,-0.9458,-148.621,128.54,28.137,-161.927,1.181,82.65
210,7476,0.03333,-0.05556,29.99999,0.9375,-2.3125,16,10,1,0.02063,-0.08839,125.47,0,0,0.2652,1,-0.1533,-0.1616,-0.9014,-15.198,52.917,4.211,-164.399,-0.467,81.892
211,7503,0,0,0,0,0,0,0,0,0.02063,-0.08839,125.47,0,0,0.2652,1,0.0732,-0.4429,-1.0928,-9.277,67.749,1.404,-164.685,-2.422,81.244
212,7539,-0.03509,0.1553,1000000,-3.7391,4.6087,23,19,1,0.00932,-0.01528,0,0,0,0.0458,1,0.0713,-0.335,-1.2764,122.437,-78.857,-4.028,-162.735,-1.824,81.656
213,7570,-0.03509,0.1553,1000000,-3.7391,4.6087,23,19,1,0.00932,-0.01528,0,0,0,0.0458,0,0.0181,-0.4531,-0.6016,104.98,-83.984,2.563,-160.466,-0.28,82.189
214,7589,-0.03509,0.1553,1000000,-3.7391,4.6087,23,19,1,0.00932,-0.01528,0,0,0,0.0458,0,-0.021,-0.374,-1.1382,65.247,-31.006,-18.433,-158.439,0.829,82.875
215,7616,-0.03509,0.1553,1000000,-3.7391,4.6087,23,19,1,0.00932,-0.01528,0,0,0,0.0458,0,0.0317,-0.3911,-0.8447,79.529,-19.653,31.921,-156.791,1.818,82.705
216,7643,-0.02222,-0.20139,1000000,1.1364,-5.1818,22,15,1,0.00526,-0.07111,0,0,0,0.2133,1,0.0317,-0.3911,-0.8447,79.529,-19.653,31.921,-156.791,1.818,82.705
217,7674,0.16667,0.03611,6,-1.2632,-3.4737,19,13,1,0.05908,-0.03895,23.051,1,3,0.1168,1,0.0317,-0.3911,-0.8447,79.529,-19.653,31.921,-156.791,1.818,82.705
218,7701,-0.04167,-0.1164,1000000,-1.4,-4.96,25,16,1,0.03426,-0.06218,0,0,0,0.1865,1,0.0298,-0.3911,-0.6416,-172.791,105.042,14.343,-159.313,2.12,81.277
219,7728,-0.04167,-0.1164,1000000,-1.4,-4.96,25,16,1,0.03426,-0.06218,0,0,0,0.1865,0,-0.2534,-0.1558,-1.042,-107.727,72.998,-21.118,-162.081,0.412,80.755
220,7762,0,0,0,0,0,0,0,0,0.03426,-0.06218,0,0,0,0.1865,1,-0.0884,-0.3252,-0.9399,-22.034,7.568,-21.118,-163.636,-0.604,81.2
221,7784,-0.03333,0.08333,1000000,-1.6,3.5,20,15,1,0.01938,-0.01853,0,0,0,0.0556,1,0.0176,-0.3149,-1.2227,36.011,-14.282,-16.846,-164.597,-2.263,81.035
222,7812,-0.03333,0.08333,1000000,-1.6,3.5,20,15,1,0.01938,-0.01853,0,0,0,0.0556,0,0.0176,-0.3149,-1.2227,36.011,-14.282,-16.846,-164.597,-2.263,81.035
223,7840,-0.03333,0.08333,1000000,-1.6,3.5,20,15,1,0.01938,-0.01853,0,0,0,0.0556,0,-0.0024,-0.3169,-1.2251,134.094,-95.032,-13.733,-162.043,-0.769,81.964
224,7867,-0.03333,0.08333,1000000,-1.6,3.5,20,15,1,0.01938,-0.01853,0,0,0,0.0556,0,-0.0146,-0.4395,-0.6479,81.116,-67.505,6.042,-159.445,1.071,82.7
225,7896,-0.03333,0.08333,1000000,-1.6,3.5,20,15,1,0.01938,-0.01853,0,0,0,0.0556,0,-0.0439,-0.3008,-0.9478,46.814,-35.828,6.104,-158.033,1.868,82.848
226,7929,0.07692,-0.55,13,1.3158,-2.7895,19,13,1,0.04204,-0.17797,148.406,0,0,0.5339,1,0.1226,-0.3799,-0.8159,-6.897,-46.936,9.521,-156.055,3.29,83.414
227,7952,0.07692,-0.55,13,1.3158,-2.7895,19,13,1,0.04204,-0.17797,148.406,0,0,0.5339,0,0.1226,-0.3799,-0.8159,-6.897,-46.936,9.521,-156.055,3.29,83.414
228,7979,0.07692,-0.55,13,1.3158,-2.7895,19,13,1,0.04204,-0.17797,148.406,0,0,0.5339,0,-0.147,-0.1772,-0.6865,-169.556,102.051,-4.028,-160.208,2.692,82.606
229,8007,0.07692,-0.55,13,1.3158,-2.7895,19,13,1,0.04204,-0.17797,148.406,0,0,0.5339,0,-0.1143,-0.3027,-0.9839,-105.103,57.861,-24.17,-163.345,0.126,82.249
230,8043,0.02941,-0.28846,34,-1.7917,4.375,24,17,1,0.04365,-0.21112,1000,0,0,0.6334,1,0.1421,-0.3027,-1.1768,-30.884,73.73,4.7,-165.833,-3.642,81.376
231,8064,0.02941,-0.28846,34,-1.7917,4.375,24,17,1,0.04365,-0.21112,1000,0,0,0.6334,0,0.1421,-0.3027,-1.1768,-30.884,73.73,4.7,-165.833,-3.642,81.376
232,8093,0.02941,-0.28846,34,-1.7917,4.375,24,17,1,0.04365,-0.21112,1000,0,0,0.6334,0,0.0752,-0.3838,-1.2632,158.997,-90.82,-18.372,-163.411,-2.829,82.007
233,8119,0.02941,-0.28846,34,-1.7917,4.375,24,17,1,0.04365,-0.21112,1000,0,0,0.6334,0,0.063,-0.4248,-0.6025,134.46,-76.172,6.287,-159.84,-0.906,82.744
234,8148,0.02941,-0.28846,34,-1.7917,4.375,24,17,1,0.04365,-0.21112,1000,0,0,0.6334,0,0.04,-0.4751,-0.9702,69.641,-57.007,6.165,-157.863,0.396,83.123
235,8182,-0.01389,-0.09259,1000000,1.8,-2.3,20,12,1,0.03179,-0.17556,0,0,0,0.5267,1,0.0825,-0.3989,-0.874,69.031,-56.763,3.479,-155.484,2.214,83.76
236,8204,-0.01515,0.44167,1000000,1.4375,-5.375,16,11,1,0.02311,0.00961,0,0,0,-0.0288,1,0.0825,-0.3989,-0.874,69.031,-56.763,3.479,-155.484,2.214,83.76
237,8239,-0.09615,0.03409,1000000,1.2105,-2.5263,19,13,1,-0.00727,0.01695,5.983,0,0,-0.0509,1,-0.0801,-0.3071,-1.0269,-82.397,42.725,1.038,-162.839,0.731,82.535
238,8259,0.10833,0.15476,9.23077,1.1333,3,15,10,1,0.03281,0.0583,27.014,0,0,-0.1749,1,-0.0054,-0.4102,-0.876,-52.734,54.688,15.076,-163.867,-0.313,82.249
239,8288,0.03571,0.1375,28,-2,5.3913,23,14,1,0.03908,0.08206,205.656,0,0,-0.2462,1,-0.0054,-0.4102,-0.876,-52.734,54.688,15.076,-163.867,-0.313,82.249
240,8316,0.03431,-0.12381,29.14286,-1.8636,3.7273,22,17,1,0.04305,0.0203,238.594,0,0,-0.0609,1,0.0269,-0.2759,-1.1206,-27.527,54.81,10.864,-164.833,-1.978,81.326
241,8343,0.08974,0.19246,11.14286,-2.2857,5.3333,21,13,1,0.06246,0.07195,93.329,0,0,-0.2158,1,0.0269,-0.2759,-1.1206,-27.527,54.81,10.864,-164.833,-1.978,81.326
242,8378,0.08333,0.12222,12,-1.1667,-1.5556,18,11,1,0.07412,0.08703,120.757,0,0,-0.2611,1,0.0728,-0.3916,-0.7041,104.248,-50.049,9.949,-158.785,1.417,82.48
243,8400,0.08333,0.12222,12,-1.1667,-1.5556,18,11,1,0.07412,0.08703,120.757,0,0,-0.2611,0,-0.0249,-0.3438,-0.9126,28.137,-46.753,4.395,-157.857,2.34,82.727
244,8435,0.09848,0.09848,10.15385,3.2778,-3.1111,18,11,1,0.08683,0.09047,396.265,0,0,-0.2714,1,-0.02,-0.4409,-0.9077,79.346,-36.438,-0.122,-155.934,3.642,82.974
245,8456,-0.05,-0.14815,1000000,-0.1765,-4.6471,17,10,1,0.05118,0.01888,0,1,3,-0.0566,1,0.0771,-0.3091,-0.8887,-13.428,-35.339,7.446,-154.984,4.614,83.32
246,8493,-0.03667,-0.02489,1000000,-0.1562,-4.8125,32,25,1,0.03023,0.00575,0,0,0,-0.0172,1,-0.2637,-0.394,-0.7285,-148.071,144.226,6.287,-161.658,1.066,81.628
247,8512,-0.03667,-0.02489,1000000,-0.1562,-4.8125,32,25,1,0.03023,0.00575,0,0,0,-0.0172,0,-0.2637,-0.394,-0.7285,-148.071,144.226,6.287,-161.658,1.066,81.628
248,8540,-0.03667,-0.02489,1000000,-0.1562,-4.8125,32,25,1,0.03023,0.00575,0,0,0,-0.0172,0,-0.0176,-0.3149,-0.9434,-22.949,39.368,2.197,-162.784,-0.132,81.205
249,8575,0,0,0,0,0,0,0,0,0.03023,0.00575,0,0,0,-0.0172,1,0.0508,-0.3301,-1.2036,-9.583,38.94,-3.601,-164.009,-1.566,80.623
250,8596,0,0,0,0,0,0,0,0,0.03023,0.00575,0,0,0,-0.0172,0,0.0625,-0.333,-1.2788,90.942,-43.335,-14.893,-163.658,-1.912,80.793
251,8624,0,0,0,0,0,0,0,0,0.03023,0.00575,0,0,0,-0.0172,0,-3.002,-0.397,-0.7622,73.303,-41.809,-2.625,-157.39,1.609,82.436
252,8650,0,0,0,0,0,0,0,0,0.03023,0.00575,0,0,0,-0.0172,0,-0.0522,-0.4199,-0.8765,53.65,-35.217,30.762,-156.649,2.944,82.31
253,8680,0.05882,-0.08194,17,0.2174,-3.4348,23,17,1,0.04421,-0.02056,252.984,0,0,0.0617,1,0.0146,-0.3857,-0.8853,-3.601,-50.415,-9.216,-154.808,4.752,82.985
254,8717,0,0,0,0,0,0,0,0,0.04421,-0.02056,252.984,0,0,0.0617,1,-0.0332,-0.1821,-0.5215,-144.348,33.936,-12.939,-157.028,4.554,83.249
255,8741,0,0,0,0,0,0,0,0,0.04421,-0.02056,252.984,0,0,0.0617,0,-0.2007,-0.4009,-0.688,-189.514,132.629,-5.615,-160.615,2.455,82.612
256,8764,0,0,0,0,0,0,0,0,0.04421,-0.02056,252.984,0,0,0.0617,0,-0.2007,-0.4009,-0.688,-189.514,132.629,-5.615,-160.615,2.455,82.612
257,8791,0,0,0,0,0,0,0,0,0.04421,-0.02056,252.984,0,0,0.0617,0,-0.0854,-0.3887,-1.0649,-85.327,69.458,-9.827,-163.207,0.132,82.035
258,8825,0,0,0,0,0,0,0,0,0.04421,-0.02056,252.984,0,0,0.0617,1,0.0825,-0.2275,-1.0576,-40.833,90.881,11.414,-164.581,-2.098,81.041
259,8855,0.04444,0.1622,22.5,-2.3636,4.0909,22,15,1,0.04968,0.03427,726.335,0,0,-0.1028,1,0.0488,-0.5063,-1.0122,168.396,-110.779,2.625,-162.252,-2.098,81.227
260,8875,-0.03623,0.05952,1000000,-1.3,3.9333,30,23,1,0.0293,0.04185,0,0,0,-0.1255,1,0.0488,-0.5063,-1.0122,168.396,-110.779,2.625,-162.252,-2.098,81.227
261,8903,-0.05357,-0.0463,1000000,0.2222,-4.1111,18,14,1,0.00984,0.0154,0,0,0,-0.0462,1,-0.0068,-0.2607,-0.8916,84.473,-61.462,0.061,-158.071,0.593,82.172
262,8932,0,0,0,0,0,0,0,0,0.00984,0.0154,0,0,0,-0.0462,1,0,-0.4395,-0.9663,44.067,-30.518,23.621,-156.44,1.774,82.458
263,8959,-0.00463,0.05556,1000000,0.2174,-4.7391,23,18,1,0.0109,0.02745,607.541,0,0,-0.0823,1,0.1006,-0.4116,-0.9136,50.598,-41.687,26.367,-154.682,3.06,82.238
264,8991,0,0,0,0,0,0,0,0,0.0109,0.02745,607.541,0,0,-0.0823,1,0.105,-0.3008,-0.834,-26.917,-19.714,14.282,-156.171,3.203,81.969
265,9015,0,0,0,0,0,0,0,0,0.0109,0.02745,607.541,0,0,-0.0823,0,-0.2466,-0.355,-0.8623,-154.663,117.065,19.47,-159.67,1.879,80.87
266,9049,0,0,0,0,0,0,0,0,0.0109,0.02745,607.541,0,0,-0.0823,1,-0.1553,-0.2783,-1.0869,-54.504,34.302,6.897,-163.01,-0.269,79.986
267,9072,-0.02604,0.00397,1000000,-4,5.2632,19,16,1,0.00522,0.0204,0,0,0,-0.0612,1,-0.0605,-0.3511,-0.7876,-22.949,72.998,1.465,-163.757,-1.664,79.536
268,9099,-0.02604,0.00397,1000000,-4,5.2632,19,16,1,0.00522,0.0204,0,0,0,-0.0612,0,0.0718,-0.2319,-1.2642,12.573,23.804,-14.282,-163.96,-2.576,79.415
269,9127,-0.02604,0.00397,1000000,-4,5.2632,19,16,1,0.00522,0.0204,0,0,0,-0.0612,0,0.0332,-0.2661,-1.229,68.726,-67.627,-5.066,-162.466,-1.527,80.019
270,9155,-0.02604,0.00397,1000000,-4,5.2632,19,16,1,0.00522,0.0204,0,0,0,-0.0612,0,0.0044,-0.4702,-1.0366,172.546,-115.356,-5.92,-158.714,0.923,81.052
271,9186,0,0,0,0,0,0,0,0,0.00522,0.0204,0,0,0,-0.0612,1,0.1509,-0.4028,-1.1436,113.953,-32.776,-7.812,-156.616,-3.043,81.019
272,9210,0,0,0,0,0,0,0,0,0.00522,0.0204,0,0,0,-0.0612,0,0.126,-0.3188,-0.9043,8.545,42.847,-2.808,-158.066,-11.146,83.546
273,9238,0,0,0,0,0,0,0,0,0.00522,0.0204,0,0,0,-0.0612,1,0.1387,-0.4521,-0.5957,-83.801,76.843,36.621,-153.474,-2.258,82.513
274,9266,0,0,0,0,0,0,0,0,0.00522,0.0204,0,0,0,-0.0612,0,0.2773,-0.7437,-1.4009,171.814,-128.54,-2.258,-148.618,-4.296,80.48
275,9294,0,0,0,0,0,0,0,0,0.00522,0.0204,0,0,0,-0.0612,0,0.0098,-0.6299,-0.5376,-160.645,-50.11,-21.545,-150.645,-0.406,83.068
276,9322,0,0,0,0,0,0,0,0,0.00522,0.0204,0,0,0,-0.0612,0,-0.0693,-0.644,-0.8662,-75.989,-27.039,-0.244,-152.946,0.104,83.562
277,9350,0,0,0,0,0,0,0,0,0.00522,0.0204,0,0,0,-0.0612,1,-0.0693,-0.644,-0.8662,-75.989,-27.039,-0.244,-152.946,0.104,83.562
278,9378,0.03509,0.09167,28.5,-1.5769,5.7692,26,19,1,0.01958,0.04178,109.066,0,0,-0.1253,1,0.0571,-0.4565,-0.582,-66.101,-31.799,-9.521,-153.77,1.263,84.721
279,9490,0.03509,0.09167,28.5,-1.5769,5.7692,26,19,1,0.01958,0.04178,109.066,0,0,-0.1253,0,0.2183,-0.709,-0.4868,-158.264,88.013,26.917,-156.066,0.176,83.809
280,9714,0.03509,0.09167,28.5,-1.5769,5.7692,26,19,1,0.01958,0.04178,109.066,0,0,-0.1253,0,0.2183,-0.709,-0.4868,-158.264,88.013,26.917,-156.066,0.176,83.809
281,9938,0.03509,0.09167,28.5,-1.5769,5.7692,26,19,1,0.01958,0.04178,109.066,0,0,-0.1253,0,-13.001,-0.1978,-0.811,136.536,-50.903,15.93,-156.5,-1.73,81.024
282,10051,0.03509,0.09167,28.5,-1.5769,5.7692,26,19,1,0.01958,0.04178,109.066,0,0,-0.1253,0,-0.103,-0.3696,-0.7622,0.793,23.804,3.113,-155.797,-1.89,80.87
283,10079,0.03509,0.09167,28.5,-1.5769,5.7692,26,19,1,0.01958,0.04178,109.066,0,0,-0.1253,0,-0.103,-0.3696,-0.7622,0.793,23.804,3.113,-155.797,-1.89,80.87
284,10117,0.03509,0.09167,28.5,-1.5769,5.7692,26,19,1,0.01958,0.04178,109.066,0,0,-0.1253,0,-0.0552,-0.5669,-1.0542,204.773,-49.133,22.095,-152.787,-1.214,81.107
285,10135,0,0.4127,1000000,2.125,-1.0417,24,13,1,0.01911,0.15306,0,0,0,-0.4592,1,0.355,-0.1211,-0.4897,9.644,-141.174,14.893,-146.772,3.593,83.254
286,10163,0,0.4127,1000000,2.125,-1.0417,24,13,1,0.01911,0.15306,0,0,0,-0.4592,0,0.355,-0.1211,-0.4897,9.644,-141.174,14.893,-146.772,3.593,83.254
287,10191,0,0.4127,1000000,2.125,-1.0417,24,13,1,0.01911,0.15306,0,0,0,-0.4592,0,0,-0.6562,-0.5918,-92.224,-12.207,42.053,-151.644,6.042,83.606
288,10219,0,0.4127,1000000,2.125,-1.0417,24,13,1,0.01911,0.15306,0,0,0,-0.4592,0,-0.2495,-0.5854,-0.5054,-36.56,4.883,35.278,-152.853,6.339,82.815
289,10247,0,0.4127,1000000,2.125,-1.0417,24,13,1,0.01911,0.15306,0,0,0,-0.4592,0,-0.2495,-0.5854,-0.5054,-36.56,4.883,35.278,-152.853,6.339,82.815
290,10287,0,0.4127,1000000,2.125,-1.0417,24,13,1,0.01911,0.15306,0,0,0,-0.4592,0,0.1133,-0.4692,-0.4985,-179.81,154.541,68.115,-156.374,4.532,80.294
291,10303,0,0.4127,1000000,2.125,-1.0417,24,13,1,0.01911,0.15306,0,0,0,-0.4592,0,0.0874,-0.3413,-1.0757,-81.299,181.152,89.294,-159.758,0.588,76.179
292,10331,0,0,0,0,0,0,0,0,0.01911,0.15306,0,0,0,-0.4592,1,-0.3003,-0.21,-0.6182,155.579,-38.818,43.945,-157.308,0.709,74.916
293,10359,0,0,0,0,0,0,0,0,0.01911,0.15306,0,0,0,-0.4592,0,-0.3003,-0.21,-0.6182,155.579,-38.818,43.945,-157.308,0.709,74.916
294,10387,0,0,0,0,0,0,0,0,0.01911,0.15306,0,0,0,-0.4592,0,-0.3105,-0.3584,-0.9434,18.738,26.062,46.082,-154.737,1.494,73.987
295,10415,0,0,0,0,0,0,0,0,0.01911,0.15306,0,0,0,-0.4592,1,-0.3633,-0.3027,-1.2256,92.59,-40.405,10.864,-152.781,2.379,73.768
296,10445,0,0,0,0,0,0,0,0,0.01911,0.15306,0,0,0,-0.4592,0,0.1748,-0.7686,-1.0625,152.1,-223.389,45.227,-147.909,5.707,75.081
297,10471,0,0,0,0,0,0,0,0,0.01911,0.15306,0,0,0,-0.4592,1,0.2241,-0.0454,-0.561,8.972,-179.749,4.089,-145.25,11.783,78.486
298,10505,0,0,0,0,0,0,0,0,0.01911,0.15306,0,0,0,-0.4592,0,-0.5918,-0.6455,-0.6143,26.611,17.944,31.738,-150.447,13.546,78.376
299,10527,0,0,0,0,0,0,0,0,0.01911,0.15306,0,0,0,-0.4592,0,-0.4741,-0.4282,-0.5928,-46.021,36.377,38.94,-150.941,13.398,77.097
300,10560,0,0,0,0,0,0,0,0,0.01911,0.15306,0,0,0,-0.4592,0,-0.4741,-0.4282,-0.5928,-46.021,36.377,38.94,-150.941,13.398,77.097
301,10582,0,0,0,0,0,0,0,0,0.01911,0.15306,0,0,0,-0.4592,0,-0.0728,-0.502,-1.0547,-84.045,153.381,60.608,-153.688,10.849,74.295
302,10609,0,0,0,0,0,0,0,0,0.01911,0.15306,0,0,0,-0.4592,1,-0.3828,-0.3975,-0.5688,94.543,18.188,54.016,-154.023,8.849,70.878
303,10639,0,0,0,0,0,0,0,0,0.01911,0.15306,0,0,0,-0.4592,0,-0.3828,-0.3975,-0.5688,94.543,18.188,54.016,-152.721,9.025,70.098
304,10667,0,0,0,0,0,0,0,0,0.01911,0.15306,0,0,0,-0.4592,0,-0.5571,-0.2827,-1.2866,30.579,0.61,-12.085,-153.012,8.564,69.06
305,10708,0,0,0,0,0,0,0,0,0.01911,0.15306,0,0,0,-0.4592,0,-0.0928,-0.7651,-1.022,98.45,-215.088,43.03,-145.854,15.227,72.966
306,10722,0,0,0,0,0,0,0,0,0.01911,0.15306,0,0,0,-0.4592,1,-0.8389,-0.7891,-0.1714,-142.029,-5.249,3.967,-149.854,17.655,74.394
307,10751,0,0,0,0,0,0,0,0,0.01911,0.15306,0,0,0,-0.4592,0,-0.8389,-0.7891,-0.1714,-142.029,-5.249,3.967,-149.854,17.655,74.394
308,10778,0,0,0,0,0,0,0,0,0.01911,0.15306,0,0,0,-0.4592,0,-0.8389,-0.7891,-0.1714,-142.029,-5.249,3.967,-149.854,17.655,74.394
309,10805,0,0,0,0,0,0,0,0,0.01911,0.15306,0,0,0,-0.4592,0,-0.9395,-0.5283,-0.6177,-103.271,80.078,5.554,-154.66,16.392,72.823
310,10840,0,0,0,0,0,0,0,0,0.01911,0.15306,0,0,0,-0.4592,0,-1.2046,-0.3413,-1.0786,-188.11,139.099,35.278,-158.813,14.315,71.087
311,10863,-0.01961,-0.01597,1000000,-0.0952,-2.1667,42,34,1,0.01289,0.10235,0,0,0,-0.307,1,-1.2046,-0.3413,-1.0786,-188.11,139.099,35.278,-158.813,14.315,71.087
312,10891,-0.0037,-0.01389,1000000,-0.42,2.24,50,45,1,0.01331,0.06748,789.577,0,0,-0.2024,1,-2.2866,-0.6938,-1.188,32.532,-117.798,-12.939,-157.703,18.144,71.977
313,10919,-0.0037,-0.01389,1000000,-0.42,2.24,50,45,1,0.01331,0.06748,789.577,0,0,-0.2024,0,-12.8813,-5.5322,-2.6621,0.977,-156.433,-41.443,-156.555,21.539,74.372
314,10983,-0.0037,-0.01389,1000000,-0.42,2.24,50,45,1,0.01331,0.06748,789.577,0,0,-0.2024,0,-2.6494,-0.6426,0.7461,140.381,-71.533,-1.709,-153.896,23.665,75.784
315,10995,-0.0037,-0.01389,1000000,-0.42,2.24,50,45,1,0.01331,0.06748,789.577,0,0,-0.2024,0,-2.6494,-0.6426,0.7461,140.381,-71.533,-1.709,-153.896,23.665,75.784
316,11005,-0.0037,-0.01389,1000000,-0.42,2.24,50,45,1,0.01331,0.06748,789.577,0,0,-0.2024,0,-0.0767,0.1792,0.46,-134.949,-118.896,42.725,-153.88,26.774,76.179
317,11030,-0.0037,-0.01389,1000000,-0.42,2.24,50,45,1,0.01331,0.06748,789.577,0,0,-0.2024,0,0.4932,0.3789,0.6113,-108.215,72.327,-60.547,-147.585,24.159,77.014
318,11059,-0.0037,-0.01389,1000000,-0.42,2.24,50,45,1,0.01331,0.06748,789.577,0,0,-0.2024,0,0.4932,0.3789,0.6113,-108.215,72.327,-60.547,-147.585,24.159,77.014
319,11087,-0.0037,-0.01389,1000000,-0.42,2.24,50,45,1,0.01331,0.06748,789.577,0,0,-0.2024,0,0.4932,0.3789,0.6113,-108.215,72.327,-60.547,-147.585,24.159,77.014
320,11114,-0.0037,-0.01389,1000000,-0.42,2.24,50,45,1,0.01331,0.06748,789.577,0,0,-0.2024,0,-0.8496,-0.1694,-0.5835,-52.124,-33.875,19.531,-147.7,22.066,74.41
321,11142,-0.0037,-0.01389,1000000,-0.42,2.24,50,45,1,0.01331,0.06748,789.577,0,0,-0.2024,0,0.0474,-0.3633,-0.9292,-9.338,-93.445,69.519,-148.37,24.263,74.053
322,11170,0.09091,-0.34608,11,2.18,-0.8,50,44,1,0.04199,-0.05659,117.136,0,0,0.1698,1,0.0474,-0.3633,-0.9292,-9.338,-93.445,69.519,-148.37,24.263,74.053
323,11199,0,0,1000000,0,0,39,35,1,0.03479,-0.03961,0,0,0,0.1188,1,0.0474,-0.3633,-0.9292,-9.338,-93.445,69.519,-148.37,24.263,74.053
324,11256,0,-0.03274,1000000,-2.1053,-5.3684,19,11,1,0.02976,-0.03755,0,0,0,0.1127,1,-0.9263,-0.7729,-1.1787,-11.597,-47.241,-30.579,-140.515,33.338,75.048
325,11266,0,-0.03274,1000000,-2.1053,-5.3684,19,11,1,0.02976,-0.03755,0,0,0,0.1127,0,-0.9263,-0.7729,-1.1787,-11.597,-47.241,-30.579,-140.515,33.338,75.048
326,11282,0,-0.03274,1000000,-2.1053,-5.3684,19,11,1,0.02976,-0.03755,0,0,0,0.1127,0,-0.9312,-0.3506,-0.5894,-7.935,-44.373,-2.808,-137.417,34.393,78.008
327,11310,0,-0.03274,1000000,-2.1053,-5.3684,19,11,1,0.02976,-0.03755,0,0,0,0.1127,0,0.1704,0.0039,0.3213,-130.371,-75.439,15.076,-138.362,35.475,78.838
328,11338,0,-0.03274,1000000,-2.1053,-5.3684,19,11,1,0.02976,-0.03755,0,0,0,0.1127,0,-0.0259,-0.0488,0.2637,-14.893,-20.203,-6.714,-139.488,36.299,79.481
329,11366,0,-0.03274,1000000,-2.1053,-5.3684,19,11,1,0.02976,-0.03755,0,0,0,0.1127,0,-0.0259,-0.0488,0.2637,-14.893,-20.203,-6.714,-139.488,36.299,79.481
330,11394,0,-0.03274,1000000,-2.1053,-5.3684,19,11,1,0.02976,-0.03755,0,0,0,0.1127,0,-0.2197,0.082,-0.999,-188.66,-50.72,58.533,-144.575,36.079,75.432
331,11422,0.10667,-0.57323,9.375,-0.1081,-0.5405,37,25,1,0.05823,-0.19825,163.604,0,0,0.5948,1,-0.2197,0.082,-0.999,-188.66,-50.72,58.533,-144.575,36.079,75.432
332,11467,0.0098,0.02644,102.00001,-4.2273,1.1136,44,34,1,0.0491,-0.13085,0,0,0,0.3925,1,-0.3359,-0.5566,-0.998,12.817,-72.205,136.108,-148.749,39.04,74.971
333,11478,-0.0463,0.03704,1000000,-0.7037,-2,27,18,1,0.02588,-0.08048,0,0,0,0.2414,1,-1.2124,-0.3955,-0.9658,277.466,-13.123,-22.156,-143.465,39.974,74.306
334,11509,0,0,0,0,0,0,0,0,0.02588,-0.08048,0,0,0,0.2414,1,-1.4541,-1.2251,-1.1299,67.505,20.935,-73.792,-143.86,37.282,74.949
335,11534,0.01667,-0.10795,60.00002,1.2083,-1.8333,24,15,1,0.02852,-0.08872,486.955,0,0,0.2662,1,-1.4541,-1.2251,-1.1299,67.505,20.935,-73.792,-143.86,37.282,74.949
336,11562,-0.01923,0.24792,1000000,-0.5652,4.8261,23,13,1,0.01959,0.01227,0,0,0,-0.0368,1,-1.1152,-1.3643,-0.3833,-204.102,-24.841,-11.414,-144.531,36.271,75.613
337,11590,-0.01923,0.24792,1000000,-0.5652,4.8261,23,13,1,0.01959,0.01227,0,0,0,-0.0368,0,0.0601,0.1343,0.1577,-7.812,31.433,17.7,-152.776,37.018,74.965
338,11618,-0.01923,0.24792,1000000,-0.5652,4.8261,23,13,1,0.01959,0.01227,0,0,0,-0.0368,0,0.0601,0.1343,0.1577,-7.812,31.433,17.7,-152.776,37.018,74.965
339,11646,-0.01923,0.24792,1000000,-0.5652,4.8261,23,13,1,0.01959,0.01227,0,0,0,-0.0368,0,0.2295,-0.0483,-0.3945,26.489,68.176,1.404,-152.803,35.53,73.564
340,11673,-0.01923,0.24792,1000000,-0.5652,4.8261,23,13,1,0.01959,0.01227,0,0,0,-0.0368,0,0.2295,-0.0483,-0.3945,26.489,68.176,1.404,-152.803,35.53,73.564
341,11702,-0.01923,0.24792,1000000,-0.5652,4.8261,23,13,1,0.01959,0.01227,0,0,0,-0.0368,0,-0.0625,-0.2876,-0.3853,-184.448,4.761,108.521,-161.938,36.634,68.895
342,11729,-0.01923,0.24792,1000000,-0.5652,4.8261,23,13,1,0.01959,0.01227,0,0,0,-0.0368,0,-0.2144,-0.2529,-0.8799,-51.392,-87.891,87.158,-164.213,38.535,66.198
343,11765,0.00694,0.05208,143.99962,-1.2857,2,21,12,1,0.0212,0.02421,1000,0,0,-0.0726,1,-1.5298,-1.2388,-1.8389,78.003,118.103,-68.604,-155.863,34.568,64.984
344,11785,0.00694,0.05208,143.99962,-1.2857,2,21,12,1,0.0212,0.02421,1000,0,0,-0.0726,0,-1.5298,-1.2388,-1.8389,78.003,118.103,-68.604,-155.863,34.568,64.984
345,11814,0.00694,0.05208,143.99962,-1.2857,2,21,12,1,0.0212,0.02421,1000,0,0,-0.0726,0,-0.8203,-0.9292,-0.707,65.857,48.035,-33.386,-152.199,33.08,66.05
346,11842,0.00694,0.05208,143.99962,-1.2857,2,21,12,1,0.0212,0.02421,1000,0,0,-0.0726,0,-6.0552,-0.8721,-0.4067,139.771,93.994,-77.087,-157.819,25.043,14.233
347,11868,0.00694,0.05208,143.99962,-1.2857,2,21,12,1,0.0212,0.02421,1000,0,0,-0.0726,0,0.6353,1.6992,1.9858,463.989,-91.919,-150.085,-149.046,26.851,9.075
348,11897,0.00694,0.05208,143.99962,-1.2857,2,21,12,1,0.0212,0.02421,1000,0,0,-0.0726,0,0.7065,-0.167,1.2739,-368.53,-164.49,232.422,-152.292,31.273,14.381
349,11924,0.00694,0.05208,143.99962,-1.2857,2,21,12,1,0.0212,0.02421,1000,0,0,-0.0726,0,0.7065,-0.167,1.2739,-368.53,-164.49,232.422,-152.292,31.273,14.381
350,11952,0.00694,0.05208,143.99962,-1.2857,2,21,12,1,0.0212,0.02421,1000,0,0,-0.0726,0,1.25,0.2524,-0.0376,116.333,81.787,31.555,-152.968,35.942,10.399
351,11980,0.00694,0.05208,143.99962,-1.2857,2,21,12,1,0.0212,0.02421,1000,0,0,-0.0726,0,-0.2163,-0.4849,-0.8037,-153.748,78.308,-8.179,-155.77,33.646,10.124
352,12008,0.00694,0.05208,143.99962,-1.2857,2,21,12,1,0.0212,0.02421,1000,0,0,-0.0726,0,0.0088,-0.332,-0.5366,41.382,99.182,-9.644,-158.401,31.382,8.987
353,12036,0.00694,0.05208,143.99962,-1.2857,2,21,12,1,0.0212,0.02421,1000,0,0,-0.0726,0,-0.0273,-0.4668,-0.9517,91.553,194.031,9.827,-156.885,26.45,7.69
354,12876,0,0,0,0,0,0,0,0,0.0212,0.02421,1000,0,0,-0.0726,1,-0.0518,-0.9248,-2.2769,110.474,80.505,66.711,-154.918,21.533,5.24
355,13072,0,0,0,0,0,0,0,0,0.0212,0.02421,1000,0,0,-0.0726,0,-0.0435,-0.4761,-1.7876,32.227,-41.931,64.331,-153.545,21.226,3.994
356,13130,0,0,0,0,0,0,0,0,0.0212,0.02421,1000,0,0,-0.0726,0,0.0112,-0.6641,-1.292,47.058,-104.431,68.176,-152.688,23.412,4.059
357,13158,0,0,0,0,0,0,0,0,0.0212,0.02421,1000,0,0,-0.0726,0,0.1431,-0.1987,-0.0205,-109.192,-48.035,129.211,-152.578,27.576,3.312
358,13185,0,0,0,0,0,0,0,0,0.0212,0.02421,1000,0,0,-0.0726,0,-0.0366,-0.3667,-0.6982,-4.028,11.902,111.206,-155.413,29.02,1.274
359,13214,0,0,0,0,0,0,0,0,0.0212,0.02421,1000,0,0,-0.0726,0,-0.0366,-0.3667,-0.6982,-4.028,11.902,111.206,-155.413,29.02,1.274
360,13247,0,0,0,0,0,0,0,0,0.0212,0.02421,1000,0,0,-0.0726,0,-0.02,-0.2563,-0.4634,10.437,53.162,85.266,-156.649,28.608,-1.219
361,13270,0,0,0,0,0,0,0,0,0.0212,0.02421,1000,0,0,-0.0726,0,-0.1953,-0.4341,-1.1646,86.792,107.788,25.085,-157.879,25.845,-3.527
362,13298,0,0,0,0,0,0,0,0,0.0212,0.02421,1000,0,0,-0.0726,0,-0.1743,-0.728,-1.5859,56.641,41.077,44.067,-156.682,24.34,-4.362
363,13325,0,0,0,0,0,0,0,0,0.0212,0.02421,1000,0,0,-0.0726,0,-0.1011,-0.5742,-1.2681,33.081,-72.205,83.618,-154.418,24.538,-5.202
364,13353,0,0,0,0,0,0,0,0,0.0212,0.02421,1000,0,0,-0.0726,0,-0.1997,-0.5571,-1.4165,62.988,24.109,41.687,-158.082,26.625,-9.679
365,13381,0,0,0,0,0,0,0,0,0.0212,0.02421,1000,0,0,-0.0726,0,-0.1997,-0.5571,-1.4165,62.988,24.109,41.687,-158.082,26.625,-9.679
366,13409,0,0,0,0,0,0,0,0,0.0212,0.02421,1000,0,0,-0.0726,0,-0.1562,-0.4932,-0.9058,66.956,31.128,42.053,-156.231,26.016,-10.146
367,13437,0,0,0,0,0,0,0,0,0.0212,0.02421,1000,0,0,-0.0726,1,-0.1562,-0.4932,-0.9058,66.956,31.128,42.053,-156.231,26.016,-10.146
368,13466,0,0,0,0,0,0,0,0,0.0212,0.02421,1000,0,0,-0.0726,1,0,-0.4673,-1.0557,10.193,25.818,39.001,-156.572,26.274,-12.535
369,13492,0,0,0,0,0,0,0,0,0.0212,0.02421,1000,0,0,-0.0726,1,-0.1685,-0.4829,-1.0444,12.146,10.498,42.664,-156.671,26.054,-12.997
370,13519,0,0,0,0,0,0,0,0,0.0212,0.02421,1000,0,0,-0.0726,1,-0.1685,-0.4829,-1.0444,12.146,10.498,42.664,-156.671,26.054,-12.997
371,13548,0.19444,-0.58333,5.14286,-4,-1.2105,19,12,1,0.07857,-0.15805,109.558,0,0,0.4742,1,-0.1982,-0.4297,-0.9551,43.152,0.671,41.199,-155.923,26.175,-13.629
372,13605,0.05952,-0.19048,16.8,-5.25,-0.25,20,14,1,0.07826,-0.16778,0,1,3,0.5033,1,-0.1318,-0.397,-0.8057,31.311,-0.61,39.001,-155.391,26.345,-13.909
373,13632,0.05952,-0.19048,16.8,-5.25,-0.25,20,14,1,0.07826,-0.16778,0,1,3,0.5033,0,-0.1396,-0.4409,-0.8662,15.808,17.09,25.391,-156.231,25.84,-14.54
374,13664,0,0,0,0,0,0,0,0,0.07826,-0.16778,0,0,0,0.5033,1,-0.1929,-0.4829,-1.0591,13.916,10.681,28.015,-156.072,25.538,-14.727
375,13688,0,0,0,0,0,0,0,0,0.07826,-0.16778,0,0,0,0.5033,1,-0.1929,-0.4829,-1.0591,13.916,10.681,28.015,-156.072,25.538,-14.727
376,13717,0,0,1000000,-5.6875,-0.6875,16,11,1,0.06018,-0.11744,0,1,3,0.3523,1,-0.147,-0.4038,-0.8672,29.541,6.409,24.841,-155.336,25.483,-14.711
377,13745,-0.01961,0.02738,1000000,-4.6522,0.7391,23,17,1,0.04164,-0.074,0,0,0,0.222,1,-0.147,-0.4038,-0.8672,29.541,6.409,24.841,-155.336,25.483,-14.711
378,13781,-0.04444,-0.03869,1000000,-4.0909,-1.4091,22,15,1,0.02122,-0.06341,0,0,0,0.1902,1,-0.1763,-0.4077,-0.9619,28.809,14.16,8.606,-154.644,24.983,-14.705
379,13801,0.00417,-0.02778,239.99998,-3.8966,-2.5862,29,20,1,0.0215,-0.05272,1000,0,0,0.1582,1,-0.1851,-0.4761,-0.9448,53.65,10.193,8.667,-153.748,24.565,-14.447
380,13828,-0.05392,-0.05278,1000000,-3.7037,-0.4074,27,17,1,0.00428,-0.05274,0,0,0,0.1582,1,-0.1724,-0.4678,-0.9502,6.409,-6.531,20.569,-153.221,24.538,-14.216
381,13859,0.00439,-0.03419,228,-4.0741,1.0741,27,19,1,0.00971,-0.04717,37.523,0,0,0.1415,1,-0.1582,-0.4146,-0.8687,8.118,0.549,18.799,-153.155,24.516,-14.139
382,13885,-0.01389,0.02564,1000000,-3.7273,0.3333,33,24,1,0.00803,-0.02533,0,0,0,0.076,1,-0.1792,-0.4243,-0.958,19.47,2.625,9.094,-153.007,24.214,-14.03
383,13912,-0.00595,-0.00174,1000000,-2.9487,-0.6667,39,28,1,0.00923,-0.01825,337.051,0,0,0.0548,1,-0.1411,-0.4341,-0.8906,12.207,10.193,6.165,-152.413,23.857,-13.409
384,13950,-0.00641,-0.01282,1000000,-2.7143,-0.9143,35,26,1,0.00994,-0.01662,351.771,0,0,0.0499,1,-0.1411,-0.4341,-0.8906,12.207,10.193,6.165,-152.413,23.857,-13.409
385,13976,0.00278,0.07292,359.99997,-2.9737,0.0789,38,30,1,0.01319,0.01024,97.39,0,0,-0.0307,1,-0.1333,-0.4507,-0.9766,8.057,-0.732,2.991,-151.831,23.286,-12.574
386,14003,-0.00298,0.00556,1000000,-1.8158,1.1842,38,28,1,0.01374,0.00883,525.171,0,0,-0.0265,1,-0.1226,-0.4565,-0.8433,30.762,1.587,-4.578,-150.48,22.703,-11.305
387,14025,0.04279,0.03081,23.36842,-1.3913,-0.6087,46,37,1,0.02786,0.01543,136.173,0,0,-0.0463,1,-0.1226,-0.4565,-0.8433,30.762,1.587,-4.578,-150.48,22.703,-11.305
388,14051,0.04279,0.03081,23.36842,-1.3913,-0.6087,46,37,1,0.02786,0.01543,136.173,0,0,-0.0463,1,-0.1226,-0.4565,-0.8433,30.762,1.587,-4.578,-150.48,22.703,-11.305
389,14095,0,0,1000000,0,0,46,40,1,0.01965,0.00505,0,0,0,-0.0152,1,-0.1226,-0.4565,-0.8433,30.762,1.587,-4.578,-150.48,22.703,-11.305
390,14123,0.00225,-0.00417,444,-1.4091,-0.0682,44,37,1,0.01983,0.00229,1000,0,0,-0.0069,1,-0.0889,-0.5088,-0.8232,26.794,5.615,-9.583,-146.64,20.956,-8.514
391,14163,0.00225,-0.00417,444,-1.4091,-0.0682,44,37,1,0.01983,0.00229,1000,0,0,-0.0069,0,-0.1714,-0.458,-0.877,78.308,-8.85,-2.258,-145.552,20.742,-7.965
392,14171,0.0122,-0.01246,82,-1.1702,1.2553,47,41,1,0.02294,-0.00214,339.322,0,0,0.0064,1,-0.1714,-0.458,-0.877,78.308,-8.85,-2.258,-145.552,20.742,-7.965
393,14191,0,0.02965,1000000,-0.0227,0.6364,44,37,1,0.02146,0.0074,0,0,0,-0.0222,1,-0.1274,-0.5234,-0.8745,34.363,4.883,-13.428,-143.564,19.99,-6.828
394,14293,-0.00214,-0.02287,1000000,0.7273,0.5455,44,39,1,0.01978,-0.00168,0,0,0,0.005,1,-0.1289,-0.5371,-0.8467,42.419,-1.16,-7.751,-142.916,19.418,-6.114
395,14304,0.00231,0.01569,432.00009,0.4762,1.0238,42,36,1,0.01994,0.00353,1000,0,0,-0.0106,1,-0.1289,-0.5371,-0.8467,42.419,-1.16,-7.751,-142.916,19.418,-6.114
396,14314,-0.00439,-0.01941,1000000,0.2444,0.8444,45,38,1,0.01804,-0.00335,0,0,0,0.0101,1,-0.1289,-0.5371,-0.8467,42.419,-1.16,-7.751,-142.916,19.418,-6.114
397,14365,-0.00641,-0.02249,1000000,1.1522,0.6957,46,39,1,0.01611,-0.00909,0,0,0,0.0273,1,-0.1289,-0.5371,-0.8467,42.419,-1.16,-7.751,-142.916,19.418,-6.114
398,14390,-0.025,0.00585,1000000,-0.234,-0.1277,47,40,1,0.00917,-0.00461,0,0,0,0.0138,1,3.4995,-0.5962,-0.833,35.034,8.179,-5.493,-140.4,17.589,-4.219
399,14399,-0.025,0.00585,1000000,-0.234,-0.1277,47,40,1,0.00917,-0.00461,0,0,0,0.0138,0,-0.0884,-0.6089,-0.8066,50.049,6.409,-12.207,-138.779,17.1,-3.653
400,14417,-0.025,0.00585,1000000,-0.234,-0.1277,47,40,1,0.00917,-0.00461,0,0,0,0.0138,0,-0.105,-0.6074,-0.7891,57.922,8.118,-12.634,-137.137,16.43,-3.049
401,14481,-0.025,0.00585,1000000,-0.234,-0.1277,47,40,1,0.00917,-0.00461,0,0,0,0.0138,0,-0.064,-0.6235,-0.7603,55.42,12.634,-13.306,-135.527,15.699,-2.45
402,14512,-0.025,0.00585,1000000,-0.234,-0.1277,47,40,1,0.00917,-0.00461,0,0,0,0.0138,0,-0.064,-0.6235,-0.7603,55.42,12.634,-13.306,-135.527,15.699,-2.45
403,14523,-0.025,0.00585,1000000,-0.234,-0.1277,47,40,1,0.00917,-0.00461,0,0,0,0.0138,0,-2.0464,-0.6782,-0.7134,77.698,15.381,-27.527,-132.22,13.969,-1.208
404,14533,-0.025,0.00585,1000000,-0.234,-0.1277,47,40,1,0.00917,-0.00461,0,0,0,0.0138,0,-0.0854,-0.6763,-0.77,70.068,8.911,-32.227,-130.095,12.859,-0.335
405,14555,-0.025,0.00585,1000000,-0.234,-0.1277,47,40,1,0.00917,-0.00461,0,0,0,0.0138,0,-0.1489,-0.8315,-0.7236,-13.367,-15.259,-3.967,-128.661,11.871,1.357
406,14585,-0.025,0.00585,1000000,-0.234,-0.1277,47,40,1,0.00917,-0.00461,0,0,0,0.0138,0,-0.1489,-0.8315,-0.7236,-13.367,-15.259,-3.967,-128.661,11.871,1.357
407,14613,-0.025,0.00585,1000000,-0.234,-0.1277,47,40,1,0.00917,-0.00461,0,0,0,0.0138,0,-0.1489,-0.8315,-0.7236,-13.367,-15.259,-3.967,-128.661,11.871,1.357
408,14641,-0.025,0.00585,1000000,-0.234,-0.1277,47,40,1,0.00917,-0.00461,0,0,0,0.0138,0,-0.1465,-0.6611,-0.6284,-17.395,6.592,15.198,-130.029,12.074,2.098
409,14668,-0.025,0.00585,1000000,-0.234,-0.1277,47,40,1,0.00917,-0.00461,0,0,0,0.0138,0,-0.2095,-0.6455,-0.7744,-30.334,-0.244,20.142,-130.963,12.349,2.115
410,14697,-0.025,0.00585,1000000,-0.234,-0.1277,47,40,1,0.00917,-0.00461,0,0,0,0.0138,0,-0.2202,-0.5718,-0.7642,6.775,7.935,0.427,-131.292,12.497,2.208
411,14724,-0.025,0.00585,1000000,-0.234,-0.1277,47,40,1,0.00917,-0.00461,0,0,0,0.0138,0,-0.2251,-0.5439,-0.7539,-11.108,4.333,4.7,-131.512,12.354,2.417
412,14753,-0.025,0.00585,1000000,-0.234,-0.1277,47,40,1,0.00917,-0.00461,0,0,0,0.0138,0,-0.2388,-0.5908,-0.811,9.094,-2.258,-1.526,-131.495,12.316,2.763
413,14781,-0.025,0.00585,1000000,-0.234,-0.1277,47,40,1,0.00917,-0.00461,0,0,0,0.0138,0,-0.2119,-0.6064,-0.7476,16.357,-3.784,-9.827,-131.369,12.167,3.312
414,14808,-0.025,0.00585,1000000,-0.234,-0.1277,47,40,1,0.00917,-0.00461,0,0,0,0.0138,0,-0.2119,-0.6064,-0.7476,16.357,-3.784,-9.827,-131.369,12.167,3.312
415,14836,-0.025,0.00585,1000000,-0.234,-0.1277,47,40,1,0.00917,-0.00461,0,0,0,0.0138,0,-0.1963,-0.627,-0.7124,14.648,0.488,-10.132,-131.028,11.92,3.9
416,14864,-0.025,0.00585,1000000,-0.234,-0.1277,47,40,1,0.00917,-0.00461,0,0,0,0.0138,0,-0.1812,-0.6938,-0.7324,8.179,-3.479,-4.944,-130.886,11.799,4.351
417,14892,-0.025,0.00585,1000000,-0.234,-0.1277,47,40,1,0.00917,-0.00461,0,0,0,0.0138,0,-0.1729,-0.6851,-0.7051,-2.136,-1.16,-0.732,-130.913,11.744,4.807
418,14920,-0.025,0.00585,1000000,-0.234,-0.1277,47,40,1,0.00917,-0.00461,0,0,0,0.0138,0,-0.1875,-0.6855,-0.7188,-7.629,-2.258,2.686,-131.182,11.794,5.142
419,14949,-0.025,0.00585,1000000,-0.234,-0.1277,47,40,1,0.00917,-0.00461,0,0,0,0.0138,0,-0.1973,-0.6362,-0.7173,-15.503,0.122,7.324,-131.638,11.86,5.328
420,14976,-0.025,0.00585,1000000,-0.234,-0.1277,47,40,1,0.00917,-0.00461,0,0,0,0.0138,0,-0.2041,-0.6255,-0.7549,-12.756,-0.488,6.897,-132.182,11.992,5.521
421,15005,-0.025,0.00585,1000000,-0.234,-0.1277,47,40,1,0.00917,-0.00461,0,0,0,0.0138,0,-0.2061,-0.6157,-0.7598,-1.099,0.488,0.244,-132.429,12.025,5.735
422,15032,-0.025,0.00585,1000000,-0.234,-0.1277,47,40,1,0.00917,-0.00461,0,0,0,0.0138,0,-0.1973,-0.6362,-0.7363,-0.61,-0.183,0.061,-133.176,11.684,8.63
423,15060,-0.025,0.00585,1000000,-0.234,-0.1277,47,40,1,0.00917,-0.00461,0,0,0,0.0138,0,-0.1973,-0.6387,-0.7383,0,-0.183,-0.183,-134.346,11.596,11.179
424,15088,-0.025,0.00585,1000000,-0.234,-0.1277,47,40,1,0.00917,-0.00461,0,0,0,0.0138,0,-0.1982,-0.6372,-0.7417,-0.183,-0.244,-0.305,-135.253,11.563,13.173
425,15116,-0.025,0.00585,1000000,-0.234,-0.1277,47,40,1,0.00917,-0.00461,0,0,0,0.0138,0,-0.1987,-0.6338,-0.7378,-0.916,-0.305,0,-135.989,11.536,14.854
426,15144,-0.025,0.00585,1000000,-0.234,-0.1277,47,40,1,0.00917,-0.00461,0,0,0,0.0138,0,-0.1973,-0.6377,-0.7422,-0.427,-0.305,0,-136.187,11.53,15.309
427,15171,-0.025,0.00585,1000000,-0.234,-0.1277,47,40,1,0.00917,-0.00461,0,0,0,0.0138,0,-0.1973,-0.6377,-0.7422,-0.427,-0.305,0,-136.187,11.53,15.309
428,15199,-0.025,0.00585,1000000,-0.234,-0.1277,47,40,1,0.00917,-0.00461,0,0,0,0.0138,0,-0.1978,-0.6401,-0.7383,-0.427,-0.244,0,-136.258,11.53,15.518
429,15226,-0.025,0.00585,1000000,-0.234,-0.1277,47,40,1,0.00917,-0.00461,0,0,0,0.0138,0,-0.1978,-0.6401,-0.7383,-0.427,-0.244,0,-136.258,11.53,15.518
430,15535,-0.025,0.00585,1000000,-0.234,-0.1277,47,40,1,0.00917,-0.00461,0,0,0,0.0138,0,-0.1978,-0.6401,-0.7383,-0.427,-0.244,0,-136.258,11.53,15.518
431,15730,-0.025,0.00585,1000000,-0.234,-0.1277,47,40,1,0.00917,-0.00461,0,0,0,0.0138,0,-0.1978,-0.6401,-0.7383,-0.427,-0.244,0,-136.258,11.53,15.518
432,16010,-0.025,0.00585,1000000,-0.234,-0.1277,47,40,1,0.00917,-0.00461,0,0,0,0.0138,0,-0.1978,-0.6401,-0.7383,-0.427,-0.244,0,-136.258,11.53,15.518
433,16318,-0.025,0.00585,1000000,-0.234,-0.1277,47,40,1,0.00917,-0.00461,0,0,0,0.0138,0,-0.1978,-0.6401,-0.7383,-0.427,-0.244,0,-136.258,11.53,15.518
434,16376,-0.025,0.00585,1000000,-0.234,-0.1277,47,40,1,0.00917,-0.00461,0,0,0,0.0138,0,-0.1978,-0.6401,-0.7383,-0.427,-0.244,0,-136.258,11.53,15.518
435,16403,-0.025,0.00585,1000000,-0.234,-0.1277,47,40,1,0.00917,-0.00461,0,0,0,0.0138,0,-0.1978,-0.6401,-0.7383,-0.427,-0.244,0,-136.258,11.53,15.518
